{"stats":{"minecraft:mined":{"minecraft:wheat":3,"minecraft:grass":1,"minecraft:potatoes":11},"minecraft:used":{"minecraft:potato":23},"minecraft:picked_up":{"minecraft:wheat":3,"minecraft:zombie_head":1,"alexsmobs:raccoon_tail":1,"minecraft:diamond":64,"minecraft:wheat_seeds":9,"minecraft:acacia_log":128,"minecraft:potato":39},"minecraft:custom":{"minecraft:jump":96,"minecraft:time_since_rest":10420,"minecraft:damage_dealt":4,"minecraft:crouch_one_cm":453,"minecraft:play_one_minute":10420,"minecraft:leave_game":1,"minecraft:sprint_one_cm":31221,"minecraft:damage_taken":40,"minecraft:time_since_death":10420,"minecraft:walk_one_cm":15387,"minecraft:sneak_time":106,"minecraft:fall_one_cm":1941,"minecraft:fly_one_cm":19028}},"DataVersion":2586}