{"stats":{"minecraft:killed_by":{"minecraft:player":1},"minecraft:crafted":{"minecraft:fishing_rod":1,"minecraft:air":0,"tconstruct:sword":1,"minecraft:diamond_helmet":1,"minecraft:diamond_leggings":1,"minecraft:bow":1,"minecraft:diamond_pickaxe":1,"minecraft:stick":16,"tconstruct:seared_brick":62,"minecraft:diamond_boots":1,"minecraft:acacia_planks":8,"minecraft:torch":96,"minecraft:diamond_chestplate":1},"minecraft:dropped":{"minecraft:enchanted_book":9,"tconstruct:cleaver":2,"tconstruct:sword":5,"minecraft:potato":2,"tconstruct:sledge_hammer":1,"minecraft:diamond_chestplate":1,"minecraft:diamond_pickaxe":1},"minecraft:killed":{"minecraft:skeleton":1,"minecraft:zombie":1},"minecraft:mined":{"tconstruct:copper_ore":7,"minecraft:crimson_nylium":3,"minecraft:torch":2,"theabyss:blue_shroomlight":2,"minecraft:poppy":5,"minecraft:crimson_roots":9,"minecraft:weeping_vines":1,"minecraft:tall_grass":1,"minecraft:crimson_fungus":11,"theabyss:crimson_crystal_ore":10,"theabyss:lazarus_grass":2,"greekfantasy:limestone":2,"minecraft:weeping_vines_plant":1,"minecraft:iron_ore":9,"minecraft:wheat":3,"minecraft:warped_fungus":2,"greekfantasy:marble":2,"minecraft:grass":1,"minecraft:potatoes":11,"minecraft:coal_ore":27,"minecraft:dirt":9,"theabyss:ruma_log":1,"minecraft:stone":28},"minecraft:used":{"minecraft:torch":34,"minecraft:dirt":5,"minecraft:diamond_pickaxe":83,"theabyss:blue_shroomlight":2,"theabyss:ruma_log":1,"minecraft:diamond_sword":5,"minecraft:bow":1,"minecraft:golden_carrot":9,"minecraft:cobblestone":1,"tombstone:gift":1,"minecraft:potato":30,"tconstruct:part_builder":1},"minecraft:picked_up":{"theabyss:blue_shroomlight":2,"minecraft:wheat":3,"theabyss:ruma_log":1,"minecraft:golden_carrot":64,"tconstruct:part_builder":1,"minecraft:leather":64,"minecraft:potato":47,"minecraft:enchanted_book":3,"tconstruct:sword":6,"minecraft:crimson_fungus":8,"tconstruct:tool_handle":3,"minecraft:dirt":9,"minecraft:string":64,"minecraft:zombie_head":1,"minecraft:bone":2,"tconstruct:cleaver":2,"tconstruct:sledge_hammer":1,"minecraft:wheat_seeds":9,"minecraft:gold_nugget":1,"greekfantasy:limestone":2,"minecraft:iron_ore":9,"minecraft:poppy":4,"alexsmobs:raccoon_tail":1,"minecraft:warped_fungus":2,"tconstruct:copper_ore":7,"tconstruct:pickaxe":1,"minecraft:torch":2,"minecraft:acacia_log":128,"tombstone:grave_dust":2,"tconstruct:small_blade":2,"theabyss:crimson_crystal_ore":9,"minecraft:quartz_block":51,"minecraft:arrow":1,"minecraft:weeping_vines":2,"minecraft:diamond_chestplate":2,"minecraft:rotten_flesh":1,"minecraft:diamond":64,"greekfantasy:marble":2,"minecraft:netherrack":9,"minecraft:coal":55,"minecraft:crimson_roots":5,"minecraft:cobblestone":30,"minecraft:diamond_pickaxe":1},"minecraft:custom":{"minecraft:interact_with_furnace":17,"minecraft:mob_kills":2,"minecraft:interact_with_anvil":1,"minecraft:interact_with_crafting_table":5,"minecraft:play_one_minute":63334,"minecraft:leave_game":2,"minecraft:time_since_death":48107,"minecraft:sleep_in_bed":1,"minecraft:climb_one_cm":254,"minecraft:time_since_rest":32891,"minecraft:damage_taken":633,"minecraft:sprint_one_cm":182953,"minecraft:walk_one_cm":206798,"minecraft:drop":21,"minecraft:damage_dealt":1025,"minecraft:fly_one_cm":114384,"minecraft:open_chest":70,"minecraft:crouch_one_cm":455,"minecraft:sneak_time":232,"tombstone:undead_killed":2,"minecraft:deaths":1,"minecraft:jump":933,"minecraft:interact_with_brewingstand":1,"minecraft:walk_on_water_one_cm":484,"minecraft:fall_one_cm":15925}},"DataVersion":2586}