{"stats":{"minecraft:killed_by":{"minecraft:player":1},"minecraft:crafted":{"minecraft:fishing_rod":1,"minecraft:air":0,"tconstruct:sword":1,"minecraft:diamond_helmet":1,"minecraft:diamond_leggings":1,"minecraft:bow":1,"minecraft:diamond_pickaxe":2,"tombstone:grave_key":1,"minecraft:stick":16,"tconstruct:seared_brick":112,"minecraft:diamond_boots":1,"minecraft:acacia_planks":8,"minecraft:torch":96,"minecraft:diamond_chestplate":1},"minecraft:dropped":{"minecraft:enchanted_book":38,"minecraft:lapis_lazuli":128,"minecraft:cobblestone":107,"tconstruct:cleaver":2,"minecraft:coal":149,"tconstruct:sword":6,"minecraft:dirt":12,"minecraft:potato":20,"tconstruct:sledge_hammer":1,"minecraft:diorite":3,"minecraft:diamond_chestplate":1,"minecraft:diamond_pickaxe":1,"minecraft:gold_nugget":3,"minecraft:iron_ore":6,"minecraft:arrow":4,"minecraft:fishing_rod":2,"minecraft:bone":6},"minecraft:killed":{"minecraft:skeleton":3,"minecraft:zombie":1},"minecraft:mined":{"tconstruct:copper_ore":7,"minecraft:diamond_ore":1,"minecraft:crimson_nylium":3,"minecraft:torch":3,"theabyss:blue_shroomlight":2,"minecraft:poppy":5,"minecraft:crimson_roots":9,"minecraft:weeping_vines":1,"minecraft:tall_grass":1,"minecraft:crimson_fungus":11,"minecraft:diorite":1,"theabyss:crimson_crystal_ore":10,"theabyss:lazarus_grass":2,"forbidden_arcanus:arcane_crystal_ore":2,"greekfantasy:limestone":2,"minecraft:weeping_vines_plant":1,"minecraft:fire":4,"minecraft:iron_ore":11,"minecraft:wheat":3,"minecraft:warped_fungus":2,"greekfantasy:marble":2,"minecraft:grass":1,"minecraft:potatoes":11,"minecraft:coal_ore":59,"minecraft:dirt":9,"theabyss:ruma_log":1,"minecraft:stone":88},"minecraft:used":{"epicfight:skillbook":1,"minecraft:torch":95,"minecraft:dirt":5,"minecraft:diamond_pickaxe":182,"theabyss:blue_shroomlight":2,"theabyss:ruma_log":1,"minecraft:fishing_rod":2,"minecraft:diamond_sword":5,"minecraft:bow":1,"minecraft:golden_carrot":12,"minecraft:cobblestone":4,"tombstone:gift":1,"minecraft:potato":30,"tconstruct:part_builder":1},"minecraft:picked_up":{"minecraft:fishing_rod":2,"theabyss:blue_shroomlight":2,"byg:soapstone":10,"minecraft:wheat":3,"theabyss:ruma_log":1,"minecraft:golden_carrot":64,"tconstruct:part_builder":1,"minecraft:leather":64,"minecraft:potato":59,"minecraft:enchanted_book":22,"tconstruct:sword":7,"minecraft:crimson_fungus":8,"tconstruct:tool_handle":3,"minecraft:lapis_lazuli":64,"minecraft:dirt":17,"minecraft:string":64,"minecraft:zombie_head":1,"minecraft:bone":8,"tconstruct:cleaver":3,"tconstruct:sledge_hammer":2,"minecraft:wheat_seeds":9,"minecraft:gold_nugget":3,"greekfantasy:limestone":2,"minecraft:iron_ore":19,"minecraft:poppy":4,"alexsmobs:raccoon_tail":1,"minecraft:warped_fungus":2,"tconstruct:copper_ore":7,"tconstruct:plate_boots":1,"tconstruct:pickaxe":1,"minecraft:torch":4,"minecraft:acacia_log":128,"tombstone:grave_dust":2,"minecraft:diorite":3,"forbidden_arcanus:arcane_crystal":14,"tconstruct:small_blade":2,"theabyss:crimson_crystal_ore":9,"minecraft:quartz_block":51,"minecraft:arrow":5,"minecraft:weeping_vines":2,"minecraft:diamond_chestplate":2,"minecraft:rotten_flesh":1,"minecraft:diamond":68,"greekfantasy:marble":2,"minecraft:netherrack":9,"minecraft:coal":231,"minecraft:crimson_roots":5,"minecraft:cobblestone":169,"minecraft:diamond_pickaxe":1},"minecraft:custom":{"minecraft:interact_with_furnace":31,"minecraft:mob_kills":4,"minecraft:interact_with_anvil":2,"minecraft:interact_with_crafting_table":6,"minecraft:play_one_minute":87334,"minecraft:leave_game":2,"minecraft:time_since_death":2381,"minecraft:sleep_in_bed":1,"minecraft:climb_one_cm":254,"minecraft:time_since_rest":1608,"minecraft:damage_taken":1009,"minecraft:sprint_one_cm":264768,"minecraft:walk_one_cm":304034,"minecraft:drop":103,"minecraft:damage_dealt":1697,"minecraft:fly_one_cm":167639,"minecraft:open_chest":86,"minecraft:crouch_one_cm":476,"minecraft:sneak_time":269,"tombstone:undead_killed":4,"minecraft:deaths":2,"minecraft:jump":1354,"minecraft:interact_with_brewingstand":7,"minecraft:walk_on_water_one_cm":3417,"minecraft:fall_one_cm":24899}},"DataVersion":2586}