{"stats":{"minecraft:killed_by":{"minecraft:player":1},"minecraft:crafted":{"minecraft:fishing_rod":1,"minecraft:air":0,"tconstruct:sword":1,"minecraft:diamond_helmet":1,"minecraft:diamond_leggings":1,"minecraft:bow":1,"minecraft:diamond_pickaxe":1,"minecraft:stick":16,"tconstruct:seared_brick":112,"minecraft:diamond_boots":1,"minecraft:acacia_planks":8,"minecraft:torch":96,"minecraft:diamond_chestplate":1},"minecraft:dropped":{"minecraft:enchanted_book":18,"minecraft:cobblestone":44,"tconstruct:cleaver":2,"minecraft:coal":64,"tconstruct:sword":6,"minecraft:dirt":4,"minecraft:potato":8,"tconstruct:sledge_hammer":1,"minecraft:diorite":1,"minecraft:diamond_chestplate":1,"minecraft:diamond_pickaxe":1,"minecraft:gold_nugget":1,"minecraft:iron_ore":2,"minecraft:arrow":2,"minecraft:fishing_rod":1,"minecraft:bone":2},"minecraft:killed":{"minecraft:skeleton":2,"minecraft:zombie":1},"minecraft:mined":{"tconstruct:copper_ore":7,"minecraft:crimson_nylium":3,"minecraft:torch":3,"theabyss:blue_shroomlight":2,"minecraft:poppy":5,"minecraft:crimson_roots":9,"minecraft:weeping_vines":1,"minecraft:tall_grass":1,"minecraft:crimson_fungus":11,"minecraft:diorite":1,"theabyss:crimson_crystal_ore":10,"theabyss:lazarus_grass":2,"greekfantasy:limestone":2,"minecraft:weeping_vines_plant":1,"minecraft:fire":4,"minecraft:iron_ore":9,"minecraft:wheat":3,"minecraft:warped_fungus":2,"greekfantasy:marble":2,"minecraft:grass":1,"minecraft:potatoes":11,"minecraft:coal_ore":59,"minecraft:dirt":9,"theabyss:ruma_log":1,"minecraft:stone":36},"minecraft:used":{"epicfight:skillbook":1,"minecraft:torch":49,"minecraft:dirt":5,"minecraft:diamond_pickaxe":125,"theabyss:blue_shroomlight":2,"theabyss:ruma_log":1,"minecraft:diamond_sword":5,"minecraft:bow":1,"minecraft:golden_carrot":10,"minecraft:cobblestone":1,"tombstone:gift":1,"minecraft:potato":30,"tconstruct:part_builder":1},"minecraft:picked_up":{"minecraft:fishing_rod":1,"theabyss:blue_shroomlight":2,"minecraft:wheat":3,"theabyss:ruma_log":1,"minecraft:golden_carrot":64,"tconstruct:part_builder":1,"minecraft:leather":64,"minecraft:potato":53,"minecraft:enchanted_book":12,"tconstruct:sword":7,"minecraft:crimson_fungus":8,"tconstruct:tool_handle":3,"minecraft:dirt":13,"minecraft:string":64,"minecraft:zombie_head":1,"minecraft:bone":6,"tconstruct:cleaver":3,"tconstruct:sledge_hammer":2,"minecraft:wheat_seeds":9,"minecraft:gold_nugget":2,"greekfantasy:limestone":2,"minecraft:iron_ore":13,"minecraft:poppy":4,"alexsmobs:raccoon_tail":1,"minecraft:warped_fungus":2,"tconstruct:copper_ore":7,"tconstruct:pickaxe":1,"minecraft:torch":4,"minecraft:acacia_log":128,"tombstone:grave_dust":2,"minecraft:diorite":2,"tconstruct:small_blade":2,"theabyss:crimson_crystal_ore":9,"minecraft:quartz_block":51,"minecraft:arrow":5,"minecraft:weeping_vines":2,"minecraft:diamond_chestplate":2,"minecraft:rotten_flesh":1,"minecraft:diamond":64,"greekfantasy:marble":2,"minecraft:netherrack":9,"minecraft:coal":210,"minecraft:crimson_roots":5,"minecraft:cobblestone":89,"minecraft:diamond_pickaxe":1},"minecraft:custom":{"minecraft:interact_with_furnace":31,"minecraft:mob_kills":3,"minecraft:interact_with_anvil":2,"minecraft:interact_with_crafting_table":5,"minecraft:play_one_minute":75334,"minecraft:leave_game":2,"minecraft:time_since_death":60107,"minecraft:sleep_in_bed":1,"minecraft:climb_one_cm":254,"minecraft:time_since_rest":44891,"minecraft:damage_taken":709,"minecraft:sprint_one_cm":211686,"minecraft:walk_one_cm":248152,"minecraft:drop":48,"minecraft:damage_dealt":1457,"minecraft:fly_one_cm":140575,"minecraft:open_chest":80,"minecraft:crouch_one_cm":471,"minecraft:sneak_time":249,"tombstone:undead_killed":3,"minecraft:deaths":1,"minecraft:jump":1152,"minecraft:interact_with_brewingstand":6,"minecraft:walk_on_water_one_cm":484,"minecraft:fall_one_cm":20087}},"DataVersion":2586}