{"stats":{"minecraft:crafted":{"minecraft:air":0,"tconstruct:sword":1},"minecraft:killed_by":{"minecraft:player":1},"minecraft:mined":{"minecraft:grass":1,"minecraft:potatoes":11,"minecraft:wheat":3},"minecraft:used":{"minecraft:diamond_sword":5,"minecraft:golden_carrot":3,"tombstone:gift":1,"minecraft:potato":26},"minecraft:picked_up":{"tconstruct:small_blade":2,"minecraft:wheat":3,"minecraft:zombie_head":1,"minecraft:golden_carrot":64,"tconstruct:part_builder":1,"minecraft:diamond":64,"minecraft:leather":64,"minecraft:wheat_seeds":9,"minecraft:acacia_log":128,"minecraft:potato":39,"tconstruct:tool_handle":1,"tombstone:grave_dust":2,"alexsmobs:raccoon_tail":1,"minecraft:string":64,"minecraft:quartz_block":51},"minecraft:custom":{"minecraft:open_chest":9,"minecraft:time_since_rest":6816,"minecraft:interact_with_furnace":2,"minecraft:play_one_minute":22420,"minecraft:crouch_one_cm":453,"minecraft:sprint_one_cm":55424,"minecraft:deaths":1,"minecraft:damage_taken":432,"minecraft:walk_one_cm":67503,"minecraft:sneak_time":118,"minecraft:jump":236,"minecraft:damage_dealt":290,"minecraft:leave_game":1,"minecraft:time_since_death":7193,"minecraft:fall_one_cm":4133,"minecraft:fly_one_cm":34922}},"DataVersion":2586}