{"stats":{"minecraft:killed_by":{"minecraft:player":1},"minecraft:crafted":{"minecraft:fishing_rod":1,"minecraft:air":0,"tconstruct:sword":1,"minecraft:diamond_helmet":1,"minecraft:diamond_leggings":1,"minecraft:bow":1,"minecraft:diamond_pickaxe":2,"tombstone:grave_key":1,"minecraft:stick":16,"tconstruct:seared_brick":112,"minecraft:diamond_boots":1,"minecraft:acacia_planks":8,"minecraft:torch":96,"minecraft:diamond_chestplate":1},"minecraft:dropped":{"minecraft:enchanted_book":38,"minecraft:lapis_lazuli":128,"minecraft:glass_bottle":1,"minecraft:cobblestone":107,"tconstruct:cleaver":2,"minecraft:coal":149,"tconstruct:sword":6,"minecraft:dirt":12,"minecraft:potato":20,"tconstruct:sledge_hammer":1,"minecraft:golden_carrot":1,"minecraft:diorite":3,"minecraft:diamond_chestplate":1,"minecraft:diamond_pickaxe":1,"minecraft:gold_nugget":3,"minecraft:iron_ore":6,"minecraft:arrow":4,"minecraft:fishing_rod":2,"minecraft:bone":6},"minecraft:killed":{"greekfantasy:shade":1,"minecraft:spider":2,"minecraft:skeleton":3,"minecraft:zombie":3},"minecraft:mined":{"tconstruct:copper_ore":7,"minecraft:diamond_ore":1,"minecraft:crimson_nylium":3,"minecraft:torch":3,"theabyss:blue_shroomlight":2,"minecraft:grass_block":1,"minecraft:poppy":5,"minecraft:crimson_roots":9,"minecraft:weeping_vines":1,"minecraft:tall_grass":1,"minecraft:crimson_fungus":11,"minecraft:diorite":1,"theabyss:crimson_crystal_ore":10,"theabyss:lazarus_grass":2,"forbidden_arcanus:arcane_crystal_ore":13,"greekfantasy:limestone":2,"minecraft:weeping_vines_plant":1,"forbidden_arcanus:xpetrified_ore":6,"minecraft:fire":4,"minecraft:iron_ore":11,"minecraft:wheat":3,"minecraft:warped_fungus":2,"silentgear:bort_ore":1,"greekfantasy:marble":2,"minecraft:grass":1,"minecraft:potatoes":11,"minecraft:coal_ore":65,"minecraft:dirt":10,"theabyss:ruma_log":1,"minecraft:stone":93},"minecraft:used":{"minecraft:water_bucket":31,"epicfight:skillbook":1,"minecraft:torch":102,"minecraft:dirt":6,"minecraft:diamond_pickaxe":213,"minecraft:lava_bucket":1,"theabyss:blue_shroomlight":2,"theabyss:ruma_log":1,"tombstone:grave_key":1,"minecraft:potion":1,"minecraft:fishing_rod":2,"minecraft:diamond_sword":5,"minecraft:bow":2,"minecraft:golden_carrot":14,"minecraft:cobblestone":10,"minecraft:bucket":32,"tombstone:gift":1,"minecraft:potato":30,"tconstruct:part_builder":1},"minecraft:picked_up":{"minecraft:fishing_rod":2,"theabyss:blue_shroomlight":2,"byg:soapstone":10,"minecraft:wheat":3,"theabyss:ruma_log":1,"minecraft:golden_carrot":65,"tconstruct:part_builder":1,"minecraft:leather":64,"minecraft:potato":59,"minecraft:enchanted_book":22,"tconstruct:sword":7,"minecraft:crimson_fungus":8,"tconstruct:tool_handle":3,"forbidden_arcanus:xpetrified_orb":6,"minecraft:lapis_lazuli":64,"minecraft:dirt":18,"minecraft:string":66,"minecraft:zombie_head":1,"minecraft:bone":8,"tconstruct:cleaver":3,"tconstruct:sledge_hammer":2,"minecraft:wheat_seeds":9,"minecraft:gold_nugget":3,"greekfantasy:limestone":2,"minecraft:iron_ore":19,"minecraft:poppy":4,"alexsmobs:raccoon_tail":1,"minecraft:warped_fungus":2,"tconstruct:copper_ore":7,"tconstruct:plate_boots":1,"tconstruct:pickaxe":1,"minecraft:torch":6,"minecraft:acacia_log":128,"silentgear:bort":4,"tombstone:grave_dust":2,"minecraft:diorite":3,"forbidden_arcanus:arcane_crystal":32,"tconstruct:small_blade":2,"theabyss:crimson_crystal_ore":9,"minecraft:quartz_block":51,"minecraft:arrow":6,"minecraft:weeping_vines":2,"minecraft:diamond_chestplate":2,"minecraft:rotten_flesh":1,"minecraft:diamond":68,"greekfantasy:marble":2,"minecraft:netherrack":9,"minecraft:coal":242,"minecraft:crimson_roots":5,"minecraft:cobblestone":174,"minecraft:diamond_pickaxe":1},"minecraft:custom":{"minecraft:interact_with_furnace":31,"minecraft:mob_kills":9,"minecraft:interact_with_anvil":2,"minecraft:interact_with_crafting_table":6,"minecraft:play_one_minute":99334,"minecraft:leave_game":2,"minecraft:time_since_death":14381,"minecraft:sleep_in_bed":1,"minecraft:climb_one_cm":254,"minecraft:time_since_rest":13608,"minecraft:damage_taken":1064,"minecraft:sprint_one_cm":318790,"minecraft:walk_one_cm":337310,"minecraft:drop":105,"minecraft:damage_dealt":2746,"minecraft:swim_one_cm":3042,"minecraft:walk_under_water_one_cm":889,"minecraft:fly_one_cm":197803,"minecraft:open_chest":91,"minecraft:crouch_one_cm":476,"minecraft:sneak_time":269,"tombstone:undead_killed":7,"minecraft:deaths":2,"minecraft:jump":1647,"minecraft:interact_with_brewingstand":9,"minecraft:walk_on_water_one_cm":18572,"minecraft:fall_one_cm":27967}},"DataVersion":2586}