{"stats":{"minecraft:killed_by":{"minecraft:player":1},"minecraft:dropped":{"tconstruct:sledge_hammer":1,"tconstruct:cleaver":2,"tconstruct:sword":2},"minecraft:crafted":{"tconstruct:sword":1,"minecraft:air":0},"minecraft:mined":{"theabyss:lazarus_grass":2,"minecraft:crimson_nylium":3,"minecraft:wheat":3,"minecraft:warped_fungus":2,"minecraft:grass":1,"theabyss:blue_shroomlight":2,"minecraft:potatoes":11,"minecraft:crimson_roots":2,"minecraft:dirt":2,"theabyss:ruma_log":1,"minecraft:crimson_fungus":8,"theabyss:crimson_crystal_ore":5},"minecraft:used":{"theabyss:blue_shroomlight":2,"theabyss:ruma_log":1,"minecraft:diamond_sword":5,"minecraft:dirt":2,"minecraft:golden_carrot":5,"tombstone:gift":1,"minecraft:potato":26,"tconstruct:part_builder":1},"minecraft:picked_up":{"minecraft:warped_fungus":2,"theabyss:blue_shroomlight":2,"theabyss:ruma_log":1,"minecraft:wheat":3,"minecraft:golden_carrot":64,"tconstruct:part_builder":1,"minecraft:leather":64,"minecraft:acacia_log":128,"tconstruct:pickaxe":1,"minecraft:potato":39,"tconstruct:sword":3,"minecraft:crimson_fungus":7,"tombstone:grave_dust":2,"tconstruct:tool_handle":3,"minecraft:string":64,"minecraft:dirt":2,"tconstruct:small_blade":2,"theabyss:crimson_crystal_ore":4,"minecraft:quartz_block":51,"minecraft:zombie_head":1,"tconstruct:cleaver":2,"minecraft:diamond":64,"tconstruct:sledge_hammer":1,"minecraft:wheat_seeds":9,"alexsmobs:raccoon_tail":1,"minecraft:netherrack":9},"minecraft:custom":{"minecraft:time_since_rest":9977,"minecraft:interact_with_furnace":2,"minecraft:sprint_one_cm":98104,"minecraft:damage_taken":472,"minecraft:walk_one_cm":132370,"minecraft:drop":5,"minecraft:damage_dealt":381,"minecraft:fly_one_cm":65771,"minecraft:open_chest":22,"minecraft:crouch_one_cm":454,"minecraft:play_one_minute":40420,"minecraft:deaths":1,"minecraft:sneak_time":187,"minecraft:jump":535,"minecraft:leave_game":1,"minecraft:time_since_death":25193,"minecraft:sleep_in_bed":1,"minecraft:climb_one_cm":254,"minecraft:fall_one_cm":10400}},"DataVersion":2586}