{"stats":{"minecraft:killed_by":{"minecraft:player":1},"minecraft:crafted":{"tconstruct:sword":1,"minecraft:diamond_helmet":1,"minecraft:diamond_leggings":1,"minecraft:diamond_pickaxe":1,"tconstruct:seared_brick":34,"minecraft:diamond_boots":1,"minecraft:air":0,"minecraft:diamond_chestplate":1},"minecraft:dropped":{"minecraft:enchanted_book":9,"tconstruct:sledge_hammer":1,"minecraft:diamond_chestplate":1,"minecraft:diamond_pickaxe":1,"tconstruct:cleaver":2,"tconstruct:sword":5},"minecraft:mined":{"theabyss:lazarus_grass":2,"minecraft:weeping_vines_plant":1,"minecraft:crimson_nylium":3,"minecraft:wheat":3,"minecraft:warped_fungus":2,"minecraft:grass":1,"theabyss:blue_shroomlight":2,"minecraft:potatoes":11,"minecraft:crimson_roots":9,"minecraft:weeping_vines":1,"minecraft:dirt":2,"theabyss:ruma_log":1,"minecraft:crimson_fungus":11,"theabyss:crimson_crystal_ore":10},"minecraft:used":{"theabyss:blue_shroomlight":2,"theabyss:ruma_log":1,"minecraft:diamond_sword":5,"minecraft:dirt":2,"minecraft:golden_carrot":6,"tombstone:gift":1,"minecraft:potato":26,"tconstruct:part_builder":1},"minecraft:picked_up":{"minecraft:warped_fungus":2,"theabyss:blue_shroomlight":2,"theabyss:ruma_log":1,"minecraft:wheat":3,"minecraft:golden_carrot":64,"tconstruct:part_builder":1,"minecraft:leather":64,"minecraft:acacia_log":128,"tconstruct:pickaxe":1,"minecraft:potato":45,"minecraft:enchanted_book":3,"tconstruct:sword":6,"minecraft:crimson_fungus":8,"tombstone:grave_dust":2,"tconstruct:tool_handle":3,"minecraft:string":64,"minecraft:dirt":2,"tconstruct:small_blade":2,"theabyss:crimson_crystal_ore":9,"minecraft:quartz_block":51,"minecraft:diamond_chestplate":2,"minecraft:weeping_vines":2,"minecraft:zombie_head":1,"tconstruct:cleaver":2,"minecraft:diamond":64,"tconstruct:sledge_hammer":1,"minecraft:wheat_seeds":9,"minecraft:gold_nugget":1,"alexsmobs:raccoon_tail":1,"minecraft:netherrack":9,"minecraft:crimson_roots":5,"minecraft:diamond_pickaxe":1},"minecraft:custom":{"minecraft:time_since_rest":21977,"minecraft:interact_with_furnace":7,"minecraft:sprint_one_cm":132180,"minecraft:damage_taken":562,"minecraft:walk_one_cm":172608,"minecraft:interact_with_anvil":1,"minecraft:drop":19,"minecraft:damage_dealt":381,"minecraft:interact_with_crafting_table":2,"minecraft:fly_one_cm":87003,"minecraft:open_chest":36,"minecraft:crouch_one_cm":455,"minecraft:play_one_minute":52420,"minecraft:deaths":1,"minecraft:sneak_time":232,"minecraft:jump":716,"minecraft:leave_game":1,"minecraft:time_since_death":37193,"minecraft:sleep_in_bed":1,"minecraft:climb_one_cm":254,"minecraft:fall_one_cm":12966}},"DataVersion":2586}