{"stats":{"minecraft:dropped":{"minecraft:wheat_seeds":373,"minecraft:feather":1,"minecraft:cobblestone":3,"silentgear:sinew":7,"minecraft:dirt":23,"minecraft:diorite":1,"alexsmobs:emu_feather":2,"minecraft:wheat":68,"minecraft:rotten_flesh":3,"minecraft:light_gray_wool":1,"alexsmobs:emu_egg":2,"minecraft:oak_sapling":3,"minecraft:wooden_pickaxe":2,"minecraft:egg":1},"minecraft:killed":{"greekfantasy:shade":3,"minecraft:skeleton":3,"minecraft:chicken":3,"alexsmobs:kangaroo":1,"majruszs_difficulty:creeperling":3,"minecraft:pig":3,"alexsmobs:emu":1,"minecraft:sheep":9,"minecraft:zombie":3,"alexsmobs:gazelle":2,"minecraft:cow":12},"minecraft:custom":{"minecraft:mob_kills":43,"minecraft:interact_with_crafting_table":19,"minecraft:interact_with_campfire":15,"minecraft:time_since_death":7220,"minecraft:climb_one_cm":516,"minecraft:sprint_one_cm":258038,"minecraft:walk_one_cm":277257,"minecraft:drop":25,"minecraft:talked_to_villager":3,"minecraft:deaths":5,"minecraft:sneak_time":84,"minecraft:walk_under_water_one_cm":57,"minecraft:jump":1132,"minecraft:walk_on_water_one_cm":1712,"minecraft:interact_with_furnace":3,"minecraft:play_one_minute":163477,"minecraft:sleep_in_bed":1,"minecraft:time_since_rest":6039,"minecraft:damage_taken":2416,"minecraft:damage_dealt":2874,"minecraft:swim_one_cm":2024,"minecraft:fly_one_cm":325618,"minecraft:open_chest":29,"minecraft:crouch_one_cm":115,"tombstone:undead_killed":9,"minecraft:interact_with_smoker":6,"minecraft:fall_one_cm":21983},"minecraft:used":{"theabyss:tantra_grass":3,"minecraft:stone_sword":5,"minecraft:torch":14,"minecraft:dirt":6,"minecraft:iron_axe":30,"theabyss:ruma_log":8,"minecraft:melon_seeds":1,"minecraft:furnace":2,"tombstone:gift":4,"minecraft:egg":1,"iceandfire:pixie_jar_empty":1,"minecraft:cooked_mutton":8,"epicfight:skillbook":2,"minecraft:stone_pickaxe":37,"minecraft:oak_planks":1,"minecraft:wooden_pickaxe":90,"minecraft:sugar_cane":2,"minecraft:crafting_table":5,"minecraft:red_bed":1,"minecraft:campfire":1,"minecraft:smoker":2,"epicfight:stone_spear":58,"minecraft:bread":1,"minecraft:melon_slice":26,"minecraft:string":1,"minecraft:iron_pickaxe":92,"minecraft:stone_axe":74,"minecraft:cobblestone":2,"minecraft:cooked_porkchop":2,"alexsmobs:animal_dictionary":1,"minecraft:cobweb":5},"minecraft:broken":{"minecraft:leather_leggings":1},"minecraft:picked_up":{"minecraft:charcoal":2,"minecraft:crafting_table":3,"minecraft:wheat":246,"theabyss:ruma_log":8,"minecraft:chicken":3,"minecraft:leather_leggings":1,"minecraft:wooden_pickaxe":1,"silentgear:sinew":8,"minecraft:string":5,"theabyss:tantra_grass":3,"alexsmobs:emu_feather":2,"minecraft:beef":34,"minecraft:poppy":1,"minecraft:light_gray_wool":1,"minecraft:melon_slice":49,"minecraft:sugar_cane":12,"minecraft:chest":1,"minecraft:egg":2,"minecraft:furnace":1,"minecraft:stick":2,"minecraft:torch":1,"minecraft:acacia_log":1,"epicfight:skillbook":3,"minecraft:porkchop":7,"minecraft:diorite":1,"minecraft:arrow":5,"minecraft:rotten_flesh":6,"minecraft:hay_block":35,"alexsmobs:emu_egg":2,"alexsmobs:kangaroo_meat":1,"minecraft:mutton":15,"minecraft:cobblestone":32,"minecraft:white_wool":6,"minecraft:feather":6,"minecraft:cooked_beef":12,"minecraft:leather":11,"minecraft:smoker":1,"greekfantasy:web_ball":1,"minecraft:oak_log":41,"minecraft:gunpowder":2,"minecraft:dirt":29,"greekfantasy:reeds":3,"minecraft:cooked_mutton":3,"byg:scoria_cobblestone":1,"minecraft:bone":3,"minecraft:apple":1,"iceandfire:pixie_jar_empty":2,"minecraft:wheat_seeds":494,"minecraft:iron_ingot":3,"minecraft:iron_ore":31,"iceandfire:copper_nugget":50,"alexsmobs:kangaroo_hide":1,"minecraft:gray_wool":3,"minecraft:oak_sapling":3,"minecraft:melon_seeds":1,"minecraft:coal":75},"minecraft:killed_by":{"greekfantasy:empusa":1,"minecraft:skeleton":1,"minecraft:zombie":1,"alexsmobs:kangaroo":1,"greekfantasy:minotaur":1},"minecraft:crafted":{"minecraft:oak_planks":56,"minecraft:furnace":2,"minecraft:cooked_mutton":5,"minecraft:bow":1,"minecraft:iron_axe":1,"minecraft:stone_pickaxe":1,"minecraft:wheat":315,"minecraft:smoker":1,"minecraft:cooked_beef":10,"paraglider:paraglider":1,"minecraft:red_dye":1,"epicfight:stone_spear":1,"minecraft:cooked_porkchop":2,"minecraft:crafting_table":3,"minecraft:wooden_pickaxe":1,"minecraft:red_bed":1,"minecraft:campfire":1,"minecraft:stone_axe":1,"minecraft:bread":142,"minecraft:air":0,"minecraft:stick":40,"minecraft:iron_ingot":6,"minecraft:iron_pickaxe":1,"minecraft:stone_sword":1,"minecraft:white_bed":1,"minecraft:acacia_planks":4,"minecraft:torch":48},"minecraft:mined":{"minecraft:attached_melon_stem":1,"iceandfire:copper_pile":6,"minecraft:acacia_log":1,"minecraft:grass_block":10,"theabyss:lumus_grass":1,"minecraft:hay_block":35,"minecraft:furnace":1,"minecraft:iron_ore":31,"greekfantasy:reeds":3,"theabyss:ruma_log":9,"minecraft:stone":33,"minecraft:tripwire":1,"iceandfire:pixie_jar_empty":2,"theabyss:wart_rank":2,"minecraft:acacia_leaves":1,"minecraft:melon_stem":1,"minecraft:smoker":1,"minecraft:crafting_table":3,"minecraft:poppy":1,"minecraft:melon":11,"minecraft:chest":1,"minecraft:campfire":1,"minecraft:tall_grass":4,"minecraft:sugar_cane":5,"minecraft:diorite":1,"minecraft:wall_torch":1,"theabyss:lazarus_grass":2,"byg:scoria_stone":1,"minecraft:wheat":182,"minecraft:grass":24,"minecraft:oak_log":42,"minecraft:coal_ore":76,"theabyss:tantra_grass":4,"theabyss:tantra_grass_middle":2,"minecraft:dirt":23,"minecraft:cobweb":5,"minecraft:oak_leaves":14}},"DataVersion":2586}