{"stats":{"minecraft:dropped":{"minecraft:wheat_seeds":192,"minecraft:wheat":68,"minecraft:feather":1,"minecraft:rotten_flesh":2,"minecraft:light_gray_wool":1,"alexsmobs:emu_egg":2,"silentgear:sinew":7,"minecraft:dirt":23,"alexsmobs:emu_feather":2,"minecraft:wooden_pickaxe":2,"minecraft:egg":1},"minecraft:killed":{"majruszs_difficulty:creeperling":3,"minecraft:pig":1,"alexsmobs:emu":1,"minecraft:sheep":4,"minecraft:skeleton":3,"minecraft:zombie":1,"minecraft:cow":5},"minecraft:custom":{"minecraft:interact_with_furnace":2,"minecraft:mob_kills":18,"minecraft:interact_with_crafting_table":17,"minecraft:play_one_minute":139477,"minecraft:interact_with_campfire":15,"minecraft:time_since_death":61527,"minecraft:time_since_rest":60250,"minecraft:sprint_one_cm":168998,"minecraft:damage_taken":1130,"minecraft:walk_one_cm":201970,"minecraft:drop":18,"minecraft:damage_dealt":2194,"minecraft:talked_to_villager":3,"minecraft:fly_one_cm":208167,"minecraft:open_chest":21,"minecraft:crouch_one_cm":115,"tombstone:undead_killed":4,"minecraft:deaths":1,"minecraft:sneak_time":83,"minecraft:jump":759,"minecraft:walk_on_water_one_cm":1270,"minecraft:interact_with_smoker":3,"minecraft:fall_one_cm":13786},"minecraft:used":{"minecraft:cooked_mutton":8,"epicfight:skillbook":1,"minecraft:stone_sword":5,"minecraft:stone_pickaxe":25,"minecraft:oak_planks":1,"minecraft:wooden_pickaxe":90,"minecraft:sugar_cane":2,"minecraft:dirt":6,"minecraft:crafting_table":5,"minecraft:red_bed":1,"minecraft:campfire":1,"minecraft:smoker":2,"minecraft:string":1,"minecraft:iron_axe":4,"minecraft:melon_slice":13,"minecraft:bread":1,"minecraft:melon_seeds":1,"minecraft:stone_axe":74,"minecraft:cobblestone":2,"minecraft:cooked_porkchop":2,"minecraft:furnace":2,"tombstone:gift":4,"alexsmobs:animal_dictionary":1,"minecraft:egg":1,"minecraft:cobweb":5,"iceandfire:pixie_jar_empty":1},"minecraft:picked_up":{"minecraft:charcoal":2,"minecraft:crafting_table":2,"minecraft:wheat":246,"minecraft:feather":2,"minecraft:cooked_beef":12,"minecraft:leather_leggings":1,"minecraft:leather":3,"greekfantasy:web_ball":1,"minecraft:wooden_pickaxe":1,"minecraft:smoker":1,"minecraft:oak_log":41,"minecraft:gunpowder":2,"minecraft:string":5,"silentgear:sinew":7,"minecraft:dirt":29,"greekfantasy:reeds":3,"minecraft:bone":3,"minecraft:cooked_mutton":3,"minecraft:apple":1,"iceandfire:pixie_jar_empty":2,"minecraft:wheat_seeds":493,"alexsmobs:emu_feather":2,"minecraft:iron_ingot":3,"minecraft:beef":14,"minecraft:iron_ore":6,"minecraft:poppy":1,"minecraft:light_gray_wool":1,"minecraft:melon_slice":49,"minecraft:sugar_cane":12,"minecraft:furnace":1,"minecraft:egg":2,"iceandfire:copper_nugget":50,"minecraft:acacia_log":1,"epicfight:skillbook":1,"minecraft:porkchop":2,"minecraft:diorite":1,"minecraft:arrow":5,"minecraft:rotten_flesh":5,"minecraft:hay_block":35,"alexsmobs:emu_egg":2,"minecraft:coal":2,"minecraft:oak_sapling":3,"minecraft:melon_seeds":1,"minecraft:mutton":5,"minecraft:white_wool":3,"minecraft:cobblestone":29},"minecraft:killed_by":{"minecraft:zombie":1},"minecraft:crafted":{"epicfight:stone_spear":1,"minecraft:cooked_beef":2,"minecraft:red_dye":1,"paraglider:paraglider":1,"minecraft:oak_planks":56,"minecraft:cooked_porkchop":2,"minecraft:crafting_table":3,"minecraft:wooden_pickaxe":1,"minecraft:red_bed":1,"minecraft:furnace":2,"minecraft:campfire":1,"minecraft:stone_axe":1,"minecraft:cooked_mutton":5,"minecraft:bread":142,"minecraft:air":0,"minecraft:iron_axe":1,"minecraft:stick":40,"minecraft:iron_ingot":6,"minecraft:iron_pickaxe":1,"minecraft:stone_pickaxe":1,"minecraft:stone_sword":1,"minecraft:white_bed":1,"minecraft:acacia_planks":4,"minecraft:smoker":1,"minecraft:wheat":315},"minecraft:mined":{"iceandfire:pixie_jar_empty":2,"minecraft:acacia_leaves":1,"minecraft:attached_melon_stem":1,"minecraft:smoker":1,"minecraft:melon_stem":1,"iceandfire:copper_pile":6,"minecraft:crafting_table":2,"minecraft:acacia_log":1,"minecraft:grass_block":7,"minecraft:poppy":1,"minecraft:melon":11,"minecraft:campfire":1,"minecraft:tall_grass":1,"minecraft:sugar_cane":5,"minecraft:diorite":1,"minecraft:hay_block":35,"minecraft:furnace":1,"minecraft:iron_ore":6,"minecraft:wheat":182,"minecraft:grass":17,"minecraft:coal_ore":2,"minecraft:oak_log":42,"greekfantasy:reeds":3,"minecraft:dirt":23,"minecraft:cobweb":5,"minecraft:stone":30,"minecraft:tripwire":1,"minecraft:oak_leaves":14}},"DataVersion":2586}