{"stats":{"minecraft:dropped":{"minecraft:wheat":1,"minecraft:feather":1,"alexsmobs:emu_egg":2,"silentgear:sinew":1,"alexsmobs:emu_feather":2,"minecraft:wooden_pickaxe":1},"minecraft:killed":{"majruszs_difficulty:creeperling":3,"minecraft:pig":1,"alexsmobs:emu":1,"minecraft:sheep":4,"minecraft:zombie":1,"minecraft:cow":5},"minecraft:custom":{"minecraft:interact_with_furnace":2,"minecraft:mob_kills":15,"minecraft:interact_with_crafting_table":8,"minecraft:play_one_minute":103477,"minecraft:interact_with_campfire":15,"minecraft:time_since_death":25527,"minecraft:time_since_rest":24250,"minecraft:sprint_one_cm":105379,"minecraft:damage_taken":480,"minecraft:walk_one_cm":142079,"minecraft:drop":6,"minecraft:damage_dealt":1293,"minecraft:talked_to_villager":3,"minecraft:fly_one_cm":109828,"minecraft:open_chest":12,"minecraft:crouch_one_cm":88,"tombstone:undead_killed":1,"minecraft:deaths":1,"minecraft:sneak_time":51,"minecraft:jump":429,"minecraft:walk_on_water_one_cm":149,"minecraft:fall_one_cm":6353},"minecraft:used":{"minecraft:cooked_mutton":1,"minecraft:stone_pickaxe":16,"minecraft:oak_planks":1,"minecraft:wooden_pickaxe":90,"minecraft:sugar_cane":2,"minecraft:dirt":3,"minecraft:crafting_table":2,"minecraft:campfire":1,"minecraft:bread":1,"minecraft:melon_seeds":1,"minecraft:stone_axe":61,"minecraft:cobblestone":2,"minecraft:furnace":1,"tombstone:gift":4,"alexsmobs:animal_dictionary":1,"minecraft:egg":1},"minecraft:picked_up":{"minecraft:charcoal":2,"minecraft:crafting_table":1,"minecraft:wheat":112,"minecraft:feather":2,"minecraft:cooked_beef":12,"minecraft:leather":3,"minecraft:wooden_pickaxe":1,"minecraft:oak_log":41,"minecraft:gunpowder":2,"silentgear:sinew":4,"minecraft:dirt":22,"minecraft:cooked_mutton":3,"minecraft:apple":1,"minecraft:wheat_seeds":312,"alexsmobs:emu_feather":2,"minecraft:beef":14,"minecraft:iron_ore":6,"minecraft:light_gray_wool":1,"minecraft:melon_slice":23,"minecraft:sugar_cane":2,"minecraft:furnace":1,"minecraft:egg":2,"minecraft:acacia_log":1,"minecraft:porkchop":2,"minecraft:rotten_flesh":4,"minecraft:hay_block":35,"alexsmobs:emu_egg":2,"minecraft:oak_sapling":3,"minecraft:melon_seeds":1,"minecraft:mutton":5,"minecraft:white_wool":3,"minecraft:cobblestone":24},"minecraft:killed_by":{"minecraft:zombie":1},"minecraft:crafted":{"minecraft:oak_planks":20,"minecraft:crafting_table":2,"minecraft:wooden_pickaxe":1,"minecraft:furnace":1,"minecraft:campfire":1,"minecraft:stone_axe":1,"minecraft:bread":142,"minecraft:air":0,"minecraft:stick":16,"minecraft:iron_ingot":6,"minecraft:stone_pickaxe":1,"minecraft:acacia_planks":4,"minecraft:wheat":315},"minecraft:mined":{"minecraft:acacia_leaves":1,"minecraft:melon_stem":1,"minecraft:crafting_table":1,"minecraft:acacia_log":1,"minecraft:grass_block":7,"minecraft:melon":5,"minecraft:campfire":1,"minecraft:sugar_cane":2,"minecraft:hay_block":35,"minecraft:furnace":1,"minecraft:iron_ore":6,"minecraft:wheat":115,"minecraft:grass":12,"minecraft:oak_log":42,"minecraft:dirt":16,"minecraft:stone":25,"minecraft:oak_leaves":14}},"DataVersion":2586}