{"stats":{"minecraft:killed":{"minecraft:cow":2,"alexsmobs:emu":1},"minecraft:custom":{"minecraft:time_since_rest":12250,"minecraft:sprint_one_cm":71442,"minecraft:damage_taken":300,"minecraft:walk_one_cm":81469,"minecraft:mob_kills":3,"minecraft:damage_dealt":222,"minecraft:interact_with_crafting_table":5,"minecraft:talked_to_villager":3,"minecraft:fly_one_cm":71861,"minecraft:open_chest":12,"minecraft:crouch_one_cm":88,"minecraft:play_one_minute":91477,"minecraft:deaths":1,"minecraft:sneak_time":51,"minecraft:jump":255,"minecraft:walk_on_water_one_cm":149,"minecraft:time_since_death":13527,"minecraft:fall_one_cm":2742},"minecraft:used":{"minecraft:oak_planks":1,"minecraft:wooden_pickaxe":74,"minecraft:sugar_cane":2,"minecraft:melon_seeds":1,"minecraft:dirt":3,"minecraft:crafting_table":1,"tombstone:gift":4,"alexsmobs:animal_dictionary":1,"minecraft:egg":1},"minecraft:picked_up":{"minecraft:wheat":112,"minecraft:feather":2,"minecraft:leather":2,"minecraft:acacia_log":1,"minecraft:oak_log":6,"minecraft:dirt":4,"minecraft:rotten_flesh":2,"alexsmobs:emu_feather":2,"minecraft:wheat_seeds":311,"minecraft:hay_block":35,"minecraft:beef":5,"alexsmobs:emu_egg":2,"minecraft:melon_seeds":1,"minecraft:melon_slice":23,"minecraft:sugar_cane":2,"minecraft:cobblestone":1,"minecraft:egg":1},"minecraft:killed_by":{"minecraft:zombie":1},"minecraft:crafted":{"minecraft:oak_planks":8,"minecraft:crafting_table":1,"minecraft:stick":8,"minecraft:wooden_pickaxe":1,"minecraft:acacia_planks":4,"minecraft:campfire":1,"minecraft:bread":142,"minecraft:wheat":315},"minecraft:mined":{"minecraft:hay_block":35,"minecraft:acacia_leaves":1,"minecraft:melon_stem":1,"minecraft:wheat":115,"minecraft:grass":8,"minecraft:acacia_log":1,"minecraft:oak_log":6,"minecraft:melon":5,"minecraft:dirt":4,"minecraft:stone":2,"minecraft:sugar_cane":2,"minecraft:oak_leaves":5}},"DataVersion":2586}