{"stats":{"minecraft:dropped":{"minecraft:wheat_seeds":373,"minecraft:feather":1,"minecraft:cobblestone":3,"silentgear:sinew":7,"minecraft:dirt":23,"minecraft:diorite":1,"alexsmobs:emu_feather":2,"byg:scoria_cobblestone":1,"minecraft:wheat":68,"minecraft:rotten_flesh":9,"minecraft:light_gray_wool":1,"alexsmobs:emu_egg":2,"minecraft:oak_sapling":3,"minecraft:wooden_pickaxe":2,"epicfight:skillbook":3,"minecraft:egg":1},"minecraft:killed":{"greekfantasy:shade":3,"minecraft:skeleton":3,"minecraft:chicken":3,"alexsmobs:kangaroo":1,"majruszs_difficulty:creeperling":3,"minecraft:pig":3,"minecraft:creeper":1,"alexsmobs:emu":1,"minecraft:sheep":9,"minecraft:zombie":4,"alexsmobs:gazelle":2,"minecraft:cow":12},"minecraft:custom":{"minecraft:mob_kills":45,"minecraft:interact_with_crafting_table":28,"minecraft:interact_with_campfire":15,"minecraft:time_since_death":19220,"minecraft:climb_one_cm":516,"minecraft:sprint_one_cm":271877,"minecraft:walk_one_cm":304918,"minecraft:drop":31,"minecraft:damage_dealt_absorbed":20,"minecraft:talked_to_villager":3,"minecraft:deaths":5,"minecraft:sneak_time":84,"minecraft:walk_under_water_one_cm":57,"minecraft:jump":1191,"minecraft:walk_on_water_one_cm":1712,"minecraft:interact_with_furnace":16,"minecraft:play_one_minute":175477,"minecraft:sleep_in_bed":1,"minecraft:time_since_rest":18039,"minecraft:damage_taken":2416,"minecraft:damage_dealt":2914,"minecraft:swim_one_cm":2024,"minecraft:fly_one_cm":329150,"minecraft:open_chest":40,"minecraft:crouch_one_cm":115,"tombstone:undead_killed":10,"minecraft:interact_with_smoker":6,"minecraft:fall_one_cm":22672},"minecraft:used":{"theabyss:tantra_grass":3,"minecraft:stone_sword":11,"minecraft:chest":1,"minecraft:torch":32,"minecraft:dirt":6,"minecraft:iron_axe":55,"theabyss:ruma_log":8,"minecraft:melon_seeds":1,"minecraft:bow":4,"minecraft:furnace":3,"tombstone:gift":6,"minecraft:egg":1,"iceandfire:pixie_jar_empty":1,"minecraft:cooked_mutton":8,"epicfight:skillbook":3,"minecraft:stone_pickaxe":37,"minecraft:oak_planks":1,"minecraft:wooden_pickaxe":90,"minecraft:sugar_cane":2,"minecraft:crafting_table":6,"minecraft:red_bed":1,"minecraft:campfire":1,"minecraft:smoker":2,"epicfight:stone_spear":64,"minecraft:bread":1,"minecraft:melon_slice":34,"minecraft:string":1,"minecraft:iron_pickaxe":163,"minecraft:stone_axe":74,"minecraft:cobblestone":2,"minecraft:cooked_porkchop":2,"alexsmobs:animal_dictionary":1,"minecraft:cobweb":5},"minecraft:broken":{"minecraft:leather_leggings":1},"minecraft:picked_up":{"minecraft:charcoal":2,"minecraft:crafting_table":3,"minecraft:wheat":246,"theabyss:ruma_log":8,"minecraft:chicken":3,"minecraft:leather_leggings":1,"minecraft:wooden_pickaxe":1,"silentgear:sinew":8,"minecraft:string":10,"theabyss:tantra_grass":3,"alexsmobs:emu_feather":2,"greekfantasy:limestone":1,"minecraft:beef":34,"minecraft:poppy":1,"minecraft:light_gray_wool":1,"minecraft:melon_slice":49,"minecraft:sugar_cane":12,"minecraft:chest":1,"minecraft:egg":2,"minecraft:furnace":1,"minecraft:stick":2,"minecraft:torch":4,"minecraft:acacia_log":1,"epicfight:skillbook":4,"minecraft:porkchop":7,"minecraft:diorite":1,"minecraft:arrow":5,"minecraft:rotten_flesh":11,"minecraft:hay_block":35,"alexsmobs:emu_egg":2,"alexsmobs:kangaroo_meat":1,"minecraft:mutton":15,"minecraft:cobblestone":40,"minecraft:white_wool":6,"minecraft:feather":6,"minecraft:cooked_beef":12,"minecraft:leather":11,"minecraft:smoker":1,"greekfantasy:web_ball":1,"minecraft:oak_log":41,"minecraft:gunpowder":4,"minecraft:dirt":29,"greekfantasy:reeds":3,"minecraft:cooked_mutton":3,"byg:scoria_cobblestone":1,"minecraft:bone":3,"minecraft:apple":1,"iceandfire:pixie_jar_empty":2,"minecraft:wheat_seeds":494,"minecraft:iron_ingot":3,"minecraft:iron_ore":35,"minecraft:oak_planks":25,"iceandfire:copper_nugget":50,"alexsmobs:kangaroo_hide":1,"minecraft:gray_wool":3,"minecraft:oak_sapling":3,"minecraft:melon_seeds":1,"minecraft:coal":131},"minecraft:killed_by":{"greekfantasy:empusa":1,"minecraft:skeleton":1,"minecraft:zombie":1,"alexsmobs:kangaroo":1,"greekfantasy:minotaur":1},"minecraft:crafted":{"minecraft:oak_planks":56,"minecraft:cooked_chicken":3,"minecraft:furnace":3,"minecraft:cooked_mutton":14,"minecraft:bow":1,"minecraft:iron_axe":1,"minecraft:stone_pickaxe":1,"minecraft:chest":2,"packedup:basicbackpack":1,"minecraft:wheat":315,"minecraft:smoker":1,"minecraft:cooked_beef":22,"paraglider:paraglider":1,"minecraft:red_dye":1,"epicfight:stone_spear":1,"minecraft:cooked_porkchop":7,"minecraft:crafting_table":3,"minecraft:wooden_pickaxe":1,"minecraft:red_bed":1,"minecraft:campfire":1,"minecraft:stone_axe":1,"minecraft:bread":142,"minecraft:air":0,"minecraft:stick":40,"minecraft:iron_ingot":15,"minecraft:iron_pickaxe":1,"minecraft:stone_sword":2,"minecraft:white_bed":1,"minecraft:acacia_planks":4,"minecraft:torch":48},"minecraft:mined":{"minecraft:attached_melon_stem":1,"iceandfire:copper_pile":6,"minecraft:acacia_log":1,"minecraft:grass_block":10,"theabyss:lumus_grass":1,"minecraft:hay_block":35,"minecraft:furnace":1,"minecraft:iron_ore":35,"greekfantasy:reeds":3,"theabyss:ruma_log":9,"minecraft:stone":41,"minecraft:tripwire":1,"iceandfire:pixie_jar_empty":2,"theabyss:wart_rank":2,"minecraft:acacia_leaves":1,"minecraft:melon_stem":1,"minecraft:smoker":1,"minecraft:crafting_table":3,"minecraft:torch":1,"minecraft:poppy":1,"minecraft:melon":11,"minecraft:chest":1,"minecraft:campfire":1,"minecraft:tall_grass":4,"minecraft:oak_planks":25,"minecraft:sugar_cane":5,"minecraft:diorite":1,"minecraft:wall_torch":2,"theabyss:lazarus_grass":2,"greekfantasy:limestone":1,"byg:scoria_stone":1,"minecraft:wheat":182,"minecraft:grass":24,"minecraft:oak_log":42,"minecraft:coal_ore":133,"theabyss:tantra_grass":4,"theabyss:tantra_grass_middle":2,"minecraft:dirt":23,"minecraft:cobweb":10,"minecraft:oak_leaves":14}},"DataVersion":2586}