{"stats":{"minecraft:custom":{"minecraft:time_since_rest":250,"minecraft:sprint_one_cm":46699,"minecraft:damage_taken":300,"minecraft:walk_one_cm":40268,"minecraft:damage_dealt":44,"minecraft:interact_with_crafting_table":2,"minecraft:talked_to_villager":3,"minecraft:fly_one_cm":53787,"minecraft:open_chest":7,"minecraft:crouch_one_cm":88,"minecraft:play_one_minute":79477,"minecraft:deaths":1,"minecraft:sneak_time":51,"minecraft:jump":180,"minecraft:walk_on_water_one_cm":149,"minecraft:time_since_death":1527,"minecraft:fall_one_cm":1372},"minecraft:used":{"minecraft:oak_planks":1,"minecraft:wooden_pickaxe":2,"minecraft:dirt":1,"minecraft:crafting_table":1,"minecraft:egg":1},"minecraft:picked_up":{"minecraft:wheat":30,"minecraft:feather":1,"minecraft:acacia_log":1,"minecraft:oak_log":6,"minecraft:dirt":1,"minecraft:wheat_seeds":85,"minecraft:hay_block":7,"alexsmobs:emu_egg":1,"minecraft:melon_slice":4,"minecraft:sugar_cane":2,"minecraft:cobblestone":1,"minecraft:egg":1},"minecraft:killed_by":{"minecraft:zombie":1},"minecraft:crafted":{"minecraft:oak_planks":8,"minecraft:crafting_table":1,"minecraft:stick":8,"minecraft:wooden_pickaxe":1,"minecraft:acacia_planks":4},"minecraft:mined":{"minecraft:hay_block":7,"minecraft:acacia_leaves":1,"minecraft:wheat":30,"minecraft:grass":5,"minecraft:acacia_log":1,"minecraft:oak_log":6,"minecraft:melon":1,"minecraft:dirt":1,"minecraft:stone":2,"minecraft:sugar_cane":2,"minecraft:oak_leaves":5}},"DataVersion":2586}