{"stats":{"minecraft:custom":{"minecraft:open_chest":7,"minecraft:time_since_rest":13477,"minecraft:play_one_minute":13477,"minecraft:crouch_one_cm":88,"minecraft:sprint_one_cm":32236,"minecraft:damage_taken":80,"minecraft:walk_one_cm":32588,"minecraft:sneak_time":51,"minecraft:jump":109,"minecraft:time_since_death":13477,"minecraft:walk_on_water_one_cm":130,"minecraft:talked_to_villager":3,"minecraft:interact_with_crafting_table":2,"minecraft:fall_one_cm":894,"minecraft:fly_one_cm":27843},"minecraft:used":{"minecraft:dirt":1,"minecraft:crafting_table":1,"minecraft:oak_planks":1,"minecraft:wooden_pickaxe":2},"minecraft:picked_up":{"minecraft:wheat":30,"minecraft:wheat_seeds":84,"minecraft:acacia_log":1,"alexsmobs:emu_egg":1,"minecraft:oak_log":6,"minecraft:sugar_cane":2,"minecraft:dirt":1,"minecraft:cobblestone":1},"minecraft:crafted":{"minecraft:oak_planks":8,"minecraft:acacia_planks":4,"minecraft:crafting_table":1,"minecraft:stick":8,"minecraft:wooden_pickaxe":1},"minecraft:mined":{"minecraft:grass":2,"minecraft:acacia_log":1,"minecraft:oak_log":6,"minecraft:acacia_leaves":1,"minecraft:dirt":1,"minecraft:wheat":30,"minecraft:stone":2,"minecraft:sugar_cane":2,"minecraft:oak_leaves":5}},"DataVersion":2586}