{"stats":{"minecraft:broken":{"minecraft:stone_sword":1,"minecraft:leather_leggings":1,"minecraft:iron_pickaxe":2},"minecraft:picked_up":{"minecraft:wheat":246,"minecraft:charcoal":2,"minecraft:crafting_table":8,"byg:soapstone":2,"theabyss:ruma_log":8,"minecraft:chicken":3,"iceandfire:copper_ore":3,"minecraft:leather_leggings":1,"minecraft:diamond_sword":1,"minecraft:wooden_pickaxe":2,"greekfantasy:horn":3,"forbidden_arcanus:xpetrified_orb":4,"silentgear:sinew":8,"minecraft:string":111,"minecraft:iron_axe":1,"iceandfire:amythest_gem":1,"theabyss:tantra_grass":3,"alexsmobs:emu_feather":2,"greekfantasy:limestone":1,"minecraft:beef":34,"minecraft:poppy":1,"minecraft:light_gray_wool":1,"minecraft:melon_slice":49,"minecraft:sugar_cane":12,"minecraft:chest":1,"minecraft:furnace":2,"minecraft:egg":2,"minecraft:stick":2,"minecraft:sandstone":2,"minecraft:torch":9,"minecraft:acacia_log":1,"iceandfire:silver_ore":18,"epicfight:skillbook":5,"minecraft:porkchop":7,"minecraft:diorite":1,"minecraft:redstone":14,"minecraft:arrow":7,"minecraft:rotten_flesh":18,"minecraft:hay_block":35,"alexsmobs:emu_egg":2,"minecraft:mutton":15,"byg:rocky_stone":5,"forbidden_arcanus:spawner_scrap":2,"minecraft:rail":5,"alexsmobs:kangaroo_meat":1,"minecraft:white_wool":6,"minecraft:cobblestone":143,"minecraft:feather":6,"minecraft:cooked_beef":12,"minecraft:andesite":3,"minecraft:leather":15,"minecraft:smoker":1,"greekfantasy:web_ball":12,"paraglider:spirit_orb":8,"minecraft:flint":1,"minecraft:oak_log":41,"forbidden_arcanus:edelwood_water_bucket":1,"minecraft:gunpowder":4,"minecraft:lapis_lazuli":27,"minecraft:dirt":31,"greekfantasy:reeds":3,"minecraft:cooked_mutton":3,"minecraft:bone":9,"byg:scoria_cobblestone":2,"minecraft:apple":1,"iceandfire:pixie_jar_empty":2,"minecraft:wheat_seeds":494,"minecraft:iron_ingot":3,"minecraft:iron_ore":157,"minecraft:oak_planks":85,"iceandfire:copper_nugget":50,"tconstruct:copper_ore":63,"minecraft:gravel":2,"minecraft:gold_ore":21,"minecraft:spider_eye":1,"forbidden_arcanus:arcane_crystal":9,"minecraft:diamond_shovel":1,"alexsmobs:kangaroo_hide":1,"minecraft:diamond":3,"minecraft:granite":3,"minecraft:gray_wool":3,"tombstone:magic_scroll":1,"minecraft:oak_sapling":3,"minecraft:melon_seeds":1,"minecraft:coal":231},"minecraft:dropped":{"forbidden_arcanus:cloth":1,"minecraft:wheat_seeds":373,"minecraft:feather":5,"minecraft:cobblestone":3,"minecraft:granite":3,"epicfight:stone_spear":1,"minecraft:rail":5,"silentgear:sinew":7,"minecraft:coal":1,"minecraft:flint":1,"minecraft:dirt":25,"minecraft:diorite":1,"byg:soapstone":2,"tconstruct:copper_ore":25,"forbidden_arcanus:spawner_scrap":3,"tombstone:grave_dust":1,"minecraft:wooden_sword":1,"alexsmobs:emu_feather":2,"minecraft:iron_axe":1,"byg:scoria_cobblestone":1,"minecraft:gravel":3,"minecraft:stone_axe":1,"forbidden_arcanus:edelwood_water_bucket":1,"minecraft:stone_sword":2,"minecraft:wheat":68,"minecraft:rotten_flesh":16,"minecraft:light_gray_wool":1,"alexsmobs:emu_egg":2,"iceandfire:copper_ore":1,"byg:rocky_stone":5,"minecraft:charcoal":2,"minecraft:andesite":3,"minecraft:melon_seeds":5,"minecraft:oak_sapling":3,"minecraft:sandstone":2,"minecraft:stone_pickaxe":1,"minecraft:wooden_pickaxe":4,"epicfight:skillbook":4,"minecraft:egg":1},"minecraft:killed":{"greekfantasy:shade":8,"minecraft:cave_spider":7,"minecraft:skeleton":5,"minecraft:chicken":3,"alexsmobs:kangaroo":1,"majruszs_difficulty:creeperling":4,"minecraft:pig":3,"minecraft:creeper":1,"greekfantasy:minotaur":2,"alexsmobs:emu":1,"minecraft:sheep":9,"minecraft:zombie":8,"alexsmobs:gazelle":2,"minecraft:cow":12},"minecraft:mined":{"minecraft:diamond_ore":3,"minecraft:attached_melon_stem":1,"iceandfire:silver_ore":18,"iceandfire:copper_pile":6,"minecraft:granite":3,"minecraft:acacia_log":1,"minecraft:grass_block":10,"theabyss:lumus_grass":1,"minecraft:spawner":3,"minecraft:hay_block":35,"forbidden_arcanus:arcane_crystal_ore":9,"minecraft:redstone_ore":3,"minecraft:furnace":2,"iceandfire:copper_ore":3,"minecraft:iron_ore":161,"minecraft:fire":19,"minecraft:andesite":3,"greekfantasy:reeds":3,"byg:rocky_stone":5,"theabyss:ruma_log":9,"minecraft:stone":100,"minecraft:tripwire":1,"tconstruct:copper_ore":38,"iceandfire:pixie_jar_empty":2,"theabyss:wart_rank":2,"minecraft:acacia_leaves":1,"minecraft:melon_stem":1,"minecraft:smoker":1,"minecraft:crafting_table":8,"minecraft:torch":1,"minecraft:poppy":1,"minecraft:melon":11,"minecraft:chest":1,"minecraft:campfire":1,"minecraft:tall_grass":4,"minecraft:cobblestone":2,"iceandfire:amythest_ore":1,"minecraft:lapis_ore":4,"minecraft:oak_planks":84,"minecraft:sugar_cane":5,"minecraft:diorite":1,"minecraft:wall_torch":4,"theabyss:lazarus_grass":2,"greekfantasy:limestone":1,"byg:soapstone":2,"byg:scoria_stone":2,"forbidden_arcanus:xpetrified_ore":4,"minecraft:wheat":182,"minecraft:grass":25,"theabyss:tantra_grass":4,"minecraft:oak_log":42,"minecraft:coal_ore":189,"theabyss:tantra_grass_middle":2,"minecraft:gravel":3,"minecraft:dirt":25,"minecraft:cobweb":116,"minecraft:gold_ore":21,"minecraft:oak_leaves":14},"minecraft:used":{"theabyss:tantra_grass":3,"minecraft:stone_sword":166,"minecraft:chest":1,"minecraft:shield":12,"minecraft:torch":207,"minecraft:dirt":6,"alexsmobs:cooked_kangaroo_meat":1,"minecraft:iron_axe":118,"theabyss:ruma_log":8,"minecraft:melon_seeds":1,"minecraft:bow":5,"minecraft:furnace":3,"tombstone:gift":7,"minecraft:egg":1,"minecraft:cooked_mutton":17,"forbidden_arcanus:edelwood_bucket":10,"iceandfire:pixie_jar_empty":1,"minecraft:water_bucket":6,"epicfight:skillbook":10,"epicfight:iron_spear":33,"forbidden_arcanus:edelwood_lava_bucket":12,"minecraft:oak_planks":1,"minecraft:stone_pickaxe":37,"minecraft:wooden_pickaxe":118,"minecraft:sugar_cane":2,"forbidden_arcanus:edelwood_water_bucket":6,"minecraft:crafting_table":10,"minecraft:red_bed":1,"minecraft:campfire":1,"epicfight:stone_spear":64,"minecraft:smoker":2,"minecraft:bread":19,"minecraft:melon_slice":42,"minecraft:string":1,"minecraft:iron_pickaxe":504,"tombstone:grave_key":6,"minecraft:stone_axe":74,"minecraft:wooden_sword":3,"minecraft:diamond_sword":24,"minecraft:cobblestone":37,"minecraft:cooked_porkchop":2,"minecraft:bucket":6,"alexsmobs:animal_dictionary":1,"minecraft:cobweb":5},"minecraft:killed_by":{"greekfantasy:empusa":1,"minecraft:cave_spider":3,"minecraft:skeleton":3,"minecraft:zombie":2,"alexsmobs:kangaroo":1,"greekfantasy:minotaur":2},"minecraft:custom":{"minecraft:mob_kills":66,"minecraft:interact_with_crafting_table":51,"minecraft:interact_with_campfire":15,"minecraft:leave_game":3,"minecraft:time_since_death":9737,"minecraft:climb_one_cm":516,"minecraft:sprint_one_cm":690288,"minecraft:walk_one_cm":592997,"minecraft:damage_blocked_by_shield":657,"minecraft:drop":68,"minecraft:damage_dealt_absorbed":209,"minecraft:talked_to_villager":5,"minecraft:deaths":15,"minecraft:sneak_time":171,"minecraft:walk_under_water_one_cm":5457,"minecraft:jump":2659,"minecraft:walk_on_water_one_cm":27464,"minecraft:interact_with_furnace":32,"minecraft:play_one_minute":288020,"minecraft:sleep_in_bed":2,"minecraft:time_since_rest":9466,"minecraft:damage_taken":6443,"minecraft:damage_dealt":4600,"minecraft:swim_one_cm":8470,"minecraft:fly_one_cm":673678,"minecraft:open_chest":51,"minecraft:crouch_one_cm":341,"tombstone:undead_killed":21,"minecraft:interact_with_smoker":6,"minecraft:fall_one_cm":53209},"minecraft:crafted":{"minecraft:wooden_sword":1,"minecraft:oak_planks":56,"epicfight:iron_spear":1,"minecraft:cooked_chicken":3,"minecraft:furnace":3,"packedup:ironbackpack":1,"minecraft:cooked_mutton":14,"minecraft:bow":1,"minecraft:iron_boots":1,"minecraft:iron_axe":1,"minecraft:stone_pickaxe":1,"minecraft:chest":2,"packedup:basicbackpack":1,"minecraft:smoker":1,"minecraft:wheat":315,"minecraft:cooked_beef":22,"paraglider:paraglider":1,"minecraft:red_dye":1,"epicfight:stone_spear":1,"iceandfire:copper_ingot":2,"minecraft:cooked_porkchop":7,"minecraft:crafting_table":3,"minecraft:wooden_pickaxe":2,"minecraft:iron_helmet":1,"alexsmobs:cooked_kangaroo_meat":1,"minecraft:iron_sword":1,"minecraft:red_bed":1,"minecraft:bucket":1,"minecraft:campfire":1,"minecraft:stone_axe":1,"minecraft:bread":142,"minecraft:air":0,"minecraft:iron_chestplate":1,"tconstruct:copper_ingot":13,"minecraft:shield":1,"minecraft:stick":152,"minecraft:iron_ingot":54,"minecraft:iron_pickaxe":2,"minecraft:stone_sword":4,"minecraft:iron_leggings":1,"minecraft:white_bed":1,"minecraft:acacia_planks":4,"minecraft:torch":304}},"DataVersion":2586}