{"stats":{"minecraft:dropped":{"minecraft:wheat_seeds":373,"minecraft:feather":1,"minecraft:cobblestone":3,"epicfight:stone_spear":1,"minecraft:rail":5,"silentgear:sinew":7,"minecraft:coal":1,"minecraft:dirt":23,"minecraft:diorite":1,"tconstruct:copper_ore":25,"alexsmobs:emu_feather":2,"minecraft:iron_axe":1,"byg:scoria_cobblestone":1,"minecraft:gravel":3,"minecraft:stone_axe":1,"minecraft:stone_sword":1,"minecraft:wheat":68,"minecraft:rotten_flesh":11,"minecraft:light_gray_wool":1,"alexsmobs:emu_egg":2,"minecraft:andesite":2,"minecraft:oak_sapling":3,"minecraft:wooden_pickaxe":2,"minecraft:stone_pickaxe":1,"epicfight:skillbook":3,"minecraft:egg":1},"minecraft:killed":{"greekfantasy:shade":4,"minecraft:cave_spider":5,"minecraft:skeleton":4,"minecraft:chicken":3,"alexsmobs:kangaroo":1,"majruszs_difficulty:creeperling":4,"minecraft:pig":3,"minecraft:creeper":1,"greekfantasy:minotaur":2,"alexsmobs:emu":1,"minecraft:sheep":9,"minecraft:zombie":5,"alexsmobs:gazelle":2,"minecraft:cow":12},"minecraft:custom":{"minecraft:mob_kills":56,"minecraft:interact_with_crafting_table":48,"minecraft:interact_with_campfire":15,"minecraft:leave_game":1,"minecraft:time_since_death":727,"minecraft:climb_one_cm":516,"minecraft:sprint_one_cm":363834,"minecraft:walk_one_cm":436846,"minecraft:damage_blocked_by_shield":567,"minecraft:drop":44,"minecraft:damage_dealt_absorbed":139,"minecraft:talked_to_villager":3,"minecraft:deaths":7,"minecraft:sneak_time":84,"minecraft:walk_under_water_one_cm":1851,"minecraft:jump":1551,"minecraft:walk_on_water_one_cm":19503,"minecraft:interact_with_furnace":32,"minecraft:play_one_minute":222796,"minecraft:sleep_in_bed":1,"minecraft:time_since_rest":1,"minecraft:damage_taken":3821,"minecraft:damage_dealt":4086,"minecraft:swim_one_cm":4896,"minecraft:fly_one_cm":389405,"minecraft:open_chest":46,"minecraft:crouch_one_cm":115,"tombstone:undead_killed":13,"minecraft:interact_with_smoker":6,"minecraft:fall_one_cm":28143},"minecraft:used":{"theabyss:tantra_grass":3,"minecraft:stone_sword":160,"minecraft:chest":1,"minecraft:shield":10,"minecraft:torch":117,"minecraft:dirt":6,"alexsmobs:cooked_kangaroo_meat":1,"minecraft:iron_axe":118,"theabyss:ruma_log":8,"minecraft:melon_seeds":1,"minecraft:bow":5,"minecraft:furnace":3,"tombstone:gift":6,"minecraft:egg":1,"iceandfire:pixie_jar_empty":1,"minecraft:water_bucket":5,"minecraft:cooked_mutton":17,"epicfight:skillbook":3,"epicfight:iron_spear":26,"minecraft:oak_planks":1,"minecraft:stone_pickaxe":37,"minecraft:wooden_pickaxe":90,"minecraft:sugar_cane":2,"minecraft:crafting_table":9,"minecraft:red_bed":1,"minecraft:campfire":1,"epicfight:stone_spear":64,"minecraft:smoker":2,"minecraft:bread":1,"minecraft:melon_slice":42,"minecraft:string":1,"minecraft:iron_pickaxe":405,"minecraft:stone_axe":74,"minecraft:cobblestone":14,"minecraft:cooked_porkchop":2,"minecraft:bucket":6,"alexsmobs:animal_dictionary":1,"minecraft:cobweb":5},"minecraft:broken":{"minecraft:stone_sword":1,"minecraft:leather_leggings":1,"minecraft:iron_pickaxe":1},"minecraft:picked_up":{"minecraft:charcoal":2,"minecraft:crafting_table":7,"minecraft:wheat":246,"theabyss:ruma_log":8,"minecraft:chicken":3,"iceandfire:copper_ore":2,"minecraft:leather_leggings":1,"minecraft:wooden_pickaxe":1,"greekfantasy:horn":3,"forbidden_arcanus:xpetrified_orb":2,"silentgear:sinew":8,"minecraft:string":103,"minecraft:iron_axe":1,"iceandfire:amythest_gem":1,"theabyss:tantra_grass":3,"alexsmobs:emu_feather":2,"greekfantasy:limestone":1,"minecraft:beef":34,"minecraft:poppy":1,"minecraft:light_gray_wool":1,"minecraft:melon_slice":49,"minecraft:sugar_cane":12,"minecraft:chest":1,"minecraft:furnace":2,"minecraft:egg":2,"minecraft:stick":2,"iceandfire:silver_ore":1,"minecraft:torch":7,"minecraft:acacia_log":1,"epicfight:skillbook":4,"minecraft:porkchop":7,"minecraft:diorite":1,"minecraft:arrow":5,"minecraft:rotten_flesh":13,"minecraft:hay_block":35,"alexsmobs:emu_egg":2,"forbidden_arcanus:spawner_scrap":2,"minecraft:mutton":15,"minecraft:rail":5,"alexsmobs:kangaroo_meat":1,"minecraft:white_wool":6,"minecraft:cobblestone":88,"minecraft:feather":6,"minecraft:cooked_beef":12,"minecraft:andesite":3,"minecraft:leather":15,"minecraft:smoker":1,"greekfantasy:web_ball":12,"paraglider:spirit_orb":8,"minecraft:flint":1,"minecraft:oak_log":41,"minecraft:gunpowder":4,"minecraft:dirt":29,"greekfantasy:reeds":3,"minecraft:cooked_mutton":3,"minecraft:bone":3,"byg:scoria_cobblestone":1,"minecraft:apple":1,"iceandfire:pixie_jar_empty":2,"minecraft:wheat_seeds":494,"minecraft:iron_ingot":3,"minecraft:iron_ore":112,"minecraft:oak_planks":85,"iceandfire:copper_nugget":50,"tconstruct:copper_ore":63,"minecraft:gravel":2,"minecraft:gold_ore":12,"minecraft:spider_eye":1,"forbidden_arcanus:arcane_crystal":4,"alexsmobs:kangaroo_hide":1,"minecraft:diamond":2,"minecraft:gray_wool":3,"minecraft:oak_sapling":3,"minecraft:melon_seeds":1,"minecraft:coal":229},"minecraft:killed_by":{"greekfantasy:empusa":1,"minecraft:cave_spider":1,"minecraft:skeleton":1,"minecraft:zombie":1,"alexsmobs:kangaroo":1,"greekfantasy:minotaur":1},"minecraft:crafted":{"minecraft:oak_planks":56,"epicfight:iron_spear":1,"minecraft:cooked_chicken":3,"minecraft:furnace":3,"packedup:ironbackpack":1,"minecraft:cooked_mutton":14,"minecraft:bow":1,"minecraft:iron_boots":1,"minecraft:iron_axe":1,"minecraft:stone_pickaxe":1,"minecraft:chest":2,"packedup:basicbackpack":1,"minecraft:smoker":1,"minecraft:wheat":315,"minecraft:cooked_beef":22,"paraglider:paraglider":1,"minecraft:red_dye":1,"epicfight:stone_spear":1,"iceandfire:copper_ingot":2,"minecraft:cooked_porkchop":7,"minecraft:crafting_table":3,"minecraft:wooden_pickaxe":1,"minecraft:iron_helmet":1,"alexsmobs:cooked_kangaroo_meat":1,"minecraft:iron_sword":1,"minecraft:red_bed":1,"minecraft:bucket":1,"minecraft:campfire":1,"minecraft:stone_axe":1,"minecraft:bread":142,"minecraft:air":0,"minecraft:iron_chestplate":1,"tconstruct:copper_ingot":13,"minecraft:shield":1,"minecraft:stick":108,"minecraft:iron_ingot":54,"minecraft:iron_pickaxe":2,"minecraft:stone_sword":4,"minecraft:iron_leggings":1,"minecraft:white_bed":1,"minecraft:acacia_planks":4,"minecraft:torch":152},"minecraft:mined":{"minecraft:diamond_ore":2,"minecraft:attached_melon_stem":1,"iceandfire:silver_ore":1,"iceandfire:copper_pile":6,"minecraft:acacia_log":1,"minecraft:grass_block":10,"theabyss:lumus_grass":1,"minecraft:spawner":2,"minecraft:hay_block":35,"forbidden_arcanus:arcane_crystal_ore":4,"minecraft:furnace":2,"iceandfire:copper_ore":2,"minecraft:iron_ore":116,"minecraft:fire":19,"minecraft:andesite":3,"greekfantasy:reeds":3,"theabyss:ruma_log":9,"minecraft:stone":76,"minecraft:tripwire":1,"tconstruct:copper_ore":38,"iceandfire:pixie_jar_empty":2,"theabyss:wart_rank":2,"minecraft:acacia_leaves":1,"minecraft:melon_stem":1,"minecraft:smoker":1,"minecraft:crafting_table":7,"minecraft:torch":1,"minecraft:poppy":1,"minecraft:melon":11,"minecraft:chest":1,"minecraft:campfire":1,"minecraft:cobblestone":2,"minecraft:tall_grass":4,"iceandfire:amythest_ore":1,"minecraft:sugar_cane":5,"minecraft:oak_planks":84,"minecraft:diorite":1,"minecraft:wall_torch":3,"theabyss:lazarus_grass":2,"greekfantasy:limestone":1,"byg:scoria_stone":1,"forbidden_arcanus:xpetrified_ore":2,"minecraft:wheat":182,"minecraft:grass":24,"minecraft:oak_log":42,"minecraft:coal_ore":187,"theabyss:tantra_grass":4,"theabyss:tantra_grass_middle":2,"minecraft:gravel":3,"minecraft:dirt":23,"minecraft:cobweb":112,"minecraft:gold_ore":12,"minecraft:oak_leaves":14}},"DataVersion":2586}