{"stats":{"minecraft:dropped":{"minecraft:wheat_seeds":192,"minecraft:wheat":1,"minecraft:feather":1,"minecraft:rotten_flesh":2,"minecraft:light_gray_wool":1,"alexsmobs:emu_egg":2,"silentgear:sinew":7,"alexsmobs:emu_feather":2,"minecraft:wooden_pickaxe":2,"minecraft:egg":1},"minecraft:killed":{"majruszs_difficulty:creeperling":3,"minecraft:pig":1,"alexsmobs:emu":1,"minecraft:sheep":4,"minecraft:zombie":1,"minecraft:cow":5},"minecraft:custom":{"minecraft:interact_with_furnace":2,"minecraft:mob_kills":15,"minecraft:interact_with_crafting_table":14,"minecraft:play_one_minute":115477,"minecraft:interact_with_campfire":15,"minecraft:time_since_death":37527,"minecraft:time_since_rest":36250,"minecraft:sprint_one_cm":123313,"minecraft:damage_taken":480,"minecraft:walk_one_cm":153215,"minecraft:drop":15,"minecraft:damage_dealt":1293,"minecraft:talked_to_villager":3,"minecraft:fly_one_cm":140070,"minecraft:open_chest":14,"minecraft:crouch_one_cm":88,"tombstone:undead_killed":1,"minecraft:deaths":1,"minecraft:sneak_time":51,"minecraft:jump":528,"minecraft:walk_on_water_one_cm":508,"minecraft:interact_with_smoker":3,"minecraft:fall_one_cm":8863},"minecraft:used":{"minecraft:cooked_mutton":3,"minecraft:stone_pickaxe":25,"minecraft:oak_planks":1,"minecraft:wooden_pickaxe":90,"minecraft:sugar_cane":2,"minecraft:dirt":3,"minecraft:crafting_table":4,"minecraft:red_bed":1,"minecraft:campfire":1,"minecraft:smoker":2,"minecraft:melon_slice":1,"minecraft:bread":1,"minecraft:melon_seeds":1,"minecraft:stone_axe":62,"minecraft:cobblestone":2,"minecraft:furnace":2,"tombstone:gift":4,"alexsmobs:animal_dictionary":1,"minecraft:egg":1},"minecraft:picked_up":{"minecraft:charcoal":2,"minecraft:crafting_table":2,"minecraft:wheat":112,"minecraft:feather":2,"minecraft:cooked_beef":12,"minecraft:leather":3,"minecraft:wooden_pickaxe":1,"minecraft:smoker":1,"minecraft:oak_log":41,"minecraft:gunpowder":2,"silentgear:sinew":7,"minecraft:dirt":29,"minecraft:cooked_mutton":3,"minecraft:apple":1,"iceandfire:pixie_jar_empty":1,"minecraft:wheat_seeds":312,"alexsmobs:emu_feather":2,"minecraft:beef":14,"minecraft:iron_ore":6,"minecraft:poppy":1,"minecraft:light_gray_wool":1,"minecraft:melon_slice":23,"minecraft:sugar_cane":2,"minecraft:furnace":1,"minecraft:egg":2,"iceandfire:copper_nugget":50,"minecraft:acacia_log":1,"minecraft:porkchop":2,"minecraft:diorite":1,"minecraft:rotten_flesh":4,"minecraft:hay_block":35,"alexsmobs:emu_egg":2,"minecraft:coal":2,"minecraft:oak_sapling":3,"minecraft:melon_seeds":1,"minecraft:mutton":5,"minecraft:white_wool":3,"minecraft:cobblestone":29},"minecraft:killed_by":{"minecraft:zombie":1},"minecraft:crafted":{"minecraft:cooked_beef":2,"minecraft:red_dye":1,"paraglider:paraglider":1,"minecraft:oak_planks":56,"minecraft:cooked_porkchop":2,"minecraft:crafting_table":2,"minecraft:wooden_pickaxe":1,"minecraft:red_bed":1,"minecraft:furnace":2,"minecraft:campfire":1,"minecraft:stone_axe":1,"minecraft:cooked_mutton":5,"minecraft:bread":142,"minecraft:air":0,"minecraft:iron_axe":1,"minecraft:stick":40,"minecraft:iron_ingot":6,"minecraft:iron_pickaxe":1,"minecraft:stone_pickaxe":1,"minecraft:white_bed":1,"minecraft:acacia_planks":4,"minecraft:smoker":1,"minecraft:wheat":315},"minecraft:mined":{"iceandfire:pixie_jar_empty":1,"minecraft:acacia_leaves":1,"minecraft:smoker":1,"minecraft:melon_stem":1,"iceandfire:copper_pile":6,"minecraft:crafting_table":2,"minecraft:acacia_log":1,"minecraft:grass_block":7,"minecraft:poppy":1,"minecraft:melon":5,"minecraft:campfire":1,"minecraft:tall_grass":1,"minecraft:sugar_cane":2,"minecraft:diorite":1,"minecraft:hay_block":35,"minecraft:furnace":1,"minecraft:iron_ore":6,"minecraft:wheat":115,"minecraft:grass":13,"minecraft:coal_ore":2,"minecraft:oak_log":42,"minecraft:dirt":23,"minecraft:stone":30,"minecraft:oak_leaves":14}},"DataVersion":2586}