{"stats":{"minecraft:dropped":{"minecraft:wheat_seeds":373,"minecraft:feather":1,"minecraft:cobblestone":3,"silentgear:sinew":7,"minecraft:dirt":23,"minecraft:diorite":1,"alexsmobs:emu_feather":2,"minecraft:wheat":68,"minecraft:rotten_flesh":3,"minecraft:light_gray_wool":1,"alexsmobs:emu_egg":2,"minecraft:oak_sapling":3,"minecraft:wooden_pickaxe":2,"minecraft:egg":1},"minecraft:killed":{"greekfantasy:shade":1,"minecraft:skeleton":3,"minecraft:chicken":2,"majruszs_difficulty:creeperling":3,"minecraft:pig":3,"alexsmobs:emu":1,"minecraft:sheep":4,"minecraft:zombie":1,"alexsmobs:gazelle":2,"minecraft:cow":9},"minecraft:custom":{"minecraft:mob_kills":29,"minecraft:interact_with_crafting_table":19,"minecraft:interact_with_campfire":15,"minecraft:time_since_death":144,"minecraft:climb_one_cm":516,"minecraft:sprint_one_cm":210315,"minecraft:walk_one_cm":230572,"minecraft:drop":25,"minecraft:talked_to_villager":3,"minecraft:deaths":3,"minecraft:sneak_time":84,"minecraft:jump":894,"minecraft:walk_on_water_one_cm":1270,"minecraft:interact_with_furnace":3,"minecraft:play_one_minute":151477,"minecraft:sleep_in_bed":1,"minecraft:time_since_rest":17,"minecraft:damage_taken":1604,"minecraft:damage_dealt":2644,"minecraft:fly_one_cm":245579,"minecraft:open_chest":28,"minecraft:crouch_one_cm":115,"tombstone:undead_killed":5,"minecraft:interact_with_smoker":6,"minecraft:fall_one_cm":17306},"minecraft:used":{"theabyss:tantra_grass":3,"minecraft:stone_sword":5,"minecraft:dirt":6,"minecraft:iron_axe":30,"theabyss:ruma_log":8,"minecraft:melon_seeds":1,"minecraft:furnace":2,"tombstone:gift":4,"minecraft:egg":1,"iceandfire:pixie_jar_empty":1,"minecraft:cooked_mutton":8,"epicfight:skillbook":2,"minecraft:stone_pickaxe":25,"minecraft:oak_planks":1,"minecraft:wooden_pickaxe":90,"minecraft:sugar_cane":2,"minecraft:crafting_table":5,"minecraft:red_bed":1,"minecraft:campfire":1,"minecraft:smoker":2,"epicfight:stone_spear":16,"minecraft:bread":1,"minecraft:melon_slice":13,"minecraft:string":1,"minecraft:stone_axe":74,"minecraft:cobblestone":2,"minecraft:cooked_porkchop":2,"alexsmobs:animal_dictionary":1,"minecraft:cobweb":5},"minecraft:broken":{"minecraft:leather_leggings":1},"minecraft:picked_up":{"minecraft:charcoal":2,"minecraft:crafting_table":3,"minecraft:wheat":246,"theabyss:ruma_log":8,"minecraft:chicken":2,"minecraft:leather_leggings":1,"minecraft:wooden_pickaxe":1,"silentgear:sinew":7,"minecraft:string":5,"theabyss:tantra_grass":3,"alexsmobs:emu_feather":2,"minecraft:beef":26,"minecraft:poppy":1,"minecraft:light_gray_wool":1,"minecraft:melon_slice":49,"minecraft:sugar_cane":12,"minecraft:chest":1,"minecraft:egg":2,"minecraft:furnace":1,"minecraft:stick":2,"minecraft:acacia_log":1,"epicfight:skillbook":1,"minecraft:porkchop":7,"minecraft:diorite":1,"minecraft:arrow":5,"minecraft:rotten_flesh":5,"minecraft:hay_block":35,"alexsmobs:emu_egg":2,"minecraft:mutton":6,"minecraft:cobblestone":29,"minecraft:white_wool":3,"minecraft:feather":4,"minecraft:cooked_beef":12,"minecraft:leather":8,"minecraft:smoker":1,"greekfantasy:web_ball":1,"minecraft:oak_log":41,"minecraft:gunpowder":2,"minecraft:dirt":29,"greekfantasy:reeds":3,"minecraft:cooked_mutton":3,"minecraft:bone":3,"minecraft:apple":1,"iceandfire:pixie_jar_empty":2,"minecraft:wheat_seeds":494,"minecraft:iron_ingot":3,"minecraft:iron_ore":6,"iceandfire:copper_nugget":50,"minecraft:oak_sapling":3,"minecraft:melon_seeds":1,"minecraft:coal":2},"minecraft:killed_by":{"minecraft:skeleton":1,"minecraft:zombie":1,"greekfantasy:minotaur":1},"minecraft:crafted":{"minecraft:oak_planks":56,"minecraft:furnace":2,"minecraft:cooked_mutton":5,"minecraft:bow":1,"minecraft:iron_axe":1,"minecraft:stone_pickaxe":1,"minecraft:wheat":315,"minecraft:smoker":1,"minecraft:cooked_beef":10,"paraglider:paraglider":1,"minecraft:red_dye":1,"epicfight:stone_spear":1,"minecraft:cooked_porkchop":2,"minecraft:crafting_table":3,"minecraft:wooden_pickaxe":1,"minecraft:red_bed":1,"minecraft:campfire":1,"minecraft:stone_axe":1,"minecraft:bread":142,"minecraft:air":0,"minecraft:stick":40,"minecraft:iron_ingot":6,"minecraft:iron_pickaxe":1,"minecraft:stone_sword":1,"minecraft:white_bed":1,"minecraft:acacia_planks":4},"minecraft:mined":{"minecraft:attached_melon_stem":1,"iceandfire:copper_pile":6,"minecraft:acacia_log":1,"minecraft:grass_block":10,"theabyss:lumus_grass":1,"minecraft:hay_block":35,"minecraft:furnace":1,"minecraft:iron_ore":6,"greekfantasy:reeds":3,"theabyss:ruma_log":9,"minecraft:stone":30,"minecraft:tripwire":1,"iceandfire:pixie_jar_empty":2,"theabyss:wart_rank":2,"minecraft:acacia_leaves":1,"minecraft:melon_stem":1,"minecraft:smoker":1,"minecraft:crafting_table":3,"minecraft:poppy":1,"minecraft:melon":11,"minecraft:chest":1,"minecraft:campfire":1,"minecraft:tall_grass":4,"minecraft:sugar_cane":5,"minecraft:diorite":1,"theabyss:lazarus_grass":2,"minecraft:wheat":182,"minecraft:grass":24,"minecraft:oak_log":42,"minecraft:coal_ore":2,"theabyss:tantra_grass":4,"theabyss:tantra_grass_middle":2,"minecraft:dirt":23,"minecraft:cobweb":5,"minecraft:oak_leaves":14}},"DataVersion":2586}