{"stats":{"minecraft:dropped":{"minecraft:gravel":16,"majruszs_difficulty:bandage":55,"minecraft:wheat_seeds":2,"silentgear:hammer":1,"minecraft:feather":2,"minecraft:cobblestone":125,"minecraft:rotten_flesh":9,"minecraft:light_gray_wool":1,"minecraft:granite":2,"iceandfire:copper_ore":1,"minecraft:coal":4,"minecraft:rabbit_foot":3,"minecraft:flint":2,"minecraft:stick":10,"minecraft:poppy":1,"minecraft:dirt":4,"minecraft:gunpowder":2,"minecraft:diorite":2,"byg:soapstone":1,"minecraft:wooden_axe":1,"tombstone:grave_dust":12,"minecraft:sand":5,"minecraft:iron_pickaxe":2,"byg:scoria_cobblestone":2},"minecraft:killed":{"minecraft:creeper":3,"alexsmobs:endergrade":1,"minecraft:sheep":1,"minecraft:skeleton":1,"minecraft:zombie":2,"minecraft:chicken":2,"alexsmobs:roadrunner":1},"minecraft:custom":{"minecraft:interact_with_furnace":10,"minecraft:mob_kills":11,"tombstone:raider_killed":1,"minecraft:interact_with_crafting_table":12,"minecraft:open_barrel":2,"minecraft:play_one_minute":129648,"minecraft:bell_ring":3,"minecraft:leave_game":5,"minecraft:time_since_death":95989,"minecraft:climb_one_cm":534,"minecraft:sleep_in_bed":1,"minecraft:time_since_rest":95584,"minecraft:sprint_one_cm":111051,"minecraft:damage_taken":909,"minecraft:walk_one_cm":190172,"minecraft:drop":54,"minecraft:damage_dealt":311,"minecraft:fly_one_cm":137270,"minecraft:talked_to_villager":3,"minecraft:open_chest":1,"minecraft:crouch_one_cm":1568,"tombstone:undead_killed":3,"minecraft:deaths":3,"minecraft:sneak_time":588,"minecraft:walk_under_water_one_cm":1588,"minecraft:jump":725,"minecraft:walk_on_water_one_cm":3916,"minecraft:fall_one_cm":12344},"minecraft:used":{"securitycraft:keypad_chest":1,"minecraft:stone_pickaxe":131,"minecraft:wooden_pickaxe":59,"minecraft:stone":46,"minecraft:wooden_shovel":16,"spartanweaponry:longsword_diamond":2,"greekfantasy:artemis_bow":8,"minecraft:dirt":5,"minecraft:sand":13,"minecraft:crafting_table":9,"minecraft:wooden_axe":19,"minecraft:iron_pickaxe":245,"minecraft:chicken_spawn_egg":2,"majruszs_difficulty:bandage":4,"silentgear:hammer":19,"alexsmobs:spawn_egg_endergrade":1,"minecraft:cobblestone":25,"minecraft:furnace":4,"minecraft:oak_sapling":2,"tombstone:gift":2,"alexsmobs:animal_dictionary":1,"minecraft:egg":2,"minecraft:cooked_beef":3},"minecraft:picked_up":{"minecraft:crafting_table":6,"byg:soapstone":1,"minecraft:feather":2,"minecraft:cooked_beef":64,"minecraft:chicken":2,"iceandfire:copper_ore":2,"minecraft:flint":2,"minecraft:oak_log":12,"minecraft:gunpowder":4,"minecraft:lapis_lazuli":55,"minecraft:dirt":9,"minecraft:bone":2,"byg:scoria_cobblestone":2,"iceandfire:amythest_gem":1,"tconstruct:sledge_hammer":1,"minecraft:wheat_seeds":2,"minecraft:iron_ore":45,"minecraft:poppy":1,"minecraft:iron_pickaxe":2,"minecraft:light_gray_wool":1,"minecraft:furnace":2,"minecraft:egg":2,"minecraft:stick":6,"minecraft:acacia_log":12,"minecraft:gravel":16,"silentgear:hammer":1,"minecraft:sand":5,"tombstone:grave_dust":11,"minecraft:diorite":5,"minecraft:redstone":57,"minecraft:rabbit_foot":3,"minecraft:rotten_flesh":9,"minecraft:diamond":31,"greekfantasy:marble":13,"minecraft:granite":2,"minecraft:oak_sapling":2,"minecraft:mutton":2,"majruszs_difficulty:bandage":61,"minecraft:coal":71,"minecraft:white_wool":12,"minecraft:cobblestone":333},"minecraft:broken":{"minecraft:stone_pickaxe":1,"minecraft:wooden_pickaxe":1},"minecraft:killed_by":{"minecraft:spider":1,"minecraft:zombie":1,"alexsmobs:roadrunner":1},"minecraft:crafted":{"minecraft:oak_planks":48,"minecraft:wooden_shovel":1,"minecraft:crafting_table":1,"minecraft:wooden_pickaxe":1,"minecraft:furnace":2,"minecraft:air":0,"minecraft:diamond_helmet":1,"minecraft:diamond_leggings":1,"minecraft:stick":16,"minecraft:iron_ingot":18,"minecraft:iron_pickaxe":2,"minecraft:stone_pickaxe":1,"minecraft:wooden_axe":1,"minecraft:diamond_boots":1,"silentgear:hammer":1,"minecraft:acacia_planks":48,"minecraft:diamond_chestplate":1},"minecraft:mined":{"minecraft:diamond_ore":31,"minecraft:crafting_table":6,"minecraft:granite":19,"minecraft:acacia_log":12,"minecraft:grass_block":2,"minecraft:cobblestone":1,"iceandfire:amythest_ore":1,"minecraft:lapis_ore":8,"minecraft:diorite":3,"greekfantasy:limestone":6,"byg:soapstone":1,"minecraft:redstone_ore":13,"byg:scoria_stone":2,"minecraft:furnace":2,"iceandfire:copper_ore":1,"minecraft:iron_ore":45,"minecraft:andesite":4,"greekfantasy:marble":13,"minecraft:grass":6,"minecraft:oak_log":12,"minecraft:coal_ore":71,"minecraft:gravel":16,"minecraft:dirt":9,"byg:rocky_stone":1,"minecraft:stone":320,"minecraft:oak_leaves":2}},"DataVersion":2586}