{"stats":{"minecraft:killed_by":{"minecraft:spider":1,"alexsmobs:roadrunner":1,"minecraft:zombie":1},"minecraft:crafted":{"minecraft:oak_planks":48,"minecraft:furnace":2,"minecraft:quartz_block":1,"minecraft:netherite_chestplate":1,"minecraft:netherite_leggings":1,"minecraft:diamond_helmet":1,"minecraft:diamond_leggings":1,"minecraft:stone_pickaxe":1,"minecraft:netherite_helmet":1,"minecraft:diamond_boots":1,"minecraft:netherite_scrap":64,"minecraft:wooden_shovel":1,"minecraft:crafting_table":1,"minecraft:wooden_pickaxe":1,"minecraft:smithing_table":1,"minecraft:brewing_stand":1,"minecraft:air":0,"tconstruct:sword":2,"minecraft:stick":16,"minecraft:iron_ingot":18,"minecraft:iron_pickaxe":2,"minecraft:wooden_axe":1,"silentgear:hammer":1,"tconstruct:cleaver":4,"minecraft:acacia_planks":48,"minecraft:diamond_chestplate":1},"minecraft:dropped":{"minecraft:enchanted_book":1,"minecraft:iron_ingot":2,"minecraft:wheat_seeds":7,"minecraft:feather":2,"minecraft:cobblestone":125,"minecraft:granite":2,"minecraft:coal":4,"tconstruct:sword":1,"paraglider:spirit_orb":26,"minecraft:flint":2,"minecraft:stick":10,"minecraft:dirt":4,"minecraft:dark_oak_log":1,"minecraft:diorite":3,"minecraft:nether_wart_block":1,"minecraft:wooden_axe":1,"byg:soapstone":1,"forbidden_arcanus:spawner_scrap":1,"tombstone:grave_dust":14,"minecraft:brown_terracotta":3,"minecraft:wither_rose":1,"minecraft:sand":5,"minecraft:iron_pickaxe":2,"minecraft:string":6,"byg:scoria_cobblestone":2,"minecraft:white_wool":12,"minecraft:bone":3,"tconstruct:cobalt_ore":3,"minecraft:gravel":16,"minecraft:farmland":1,"majruszs_difficulty:bandage":62,"minecraft:pink_bed":1,"silentgear:hammer":1,"tombstone:gift":1,"minecraft:rotten_flesh":28,"minecraft:light_gray_wool":1,"minecraft:white_bed":1,"minecraft:nether_bricks":1,"iceandfire:copper_ore":1,"minecraft:rabbit_foot":3,"iceandfire:dread_queen_sword":1,"minecraft:diamond_sword":1,"minecraft:poppy":1,"minecraft:potato":6,"tconstruct:sledge_hammer":1,"minecraft:stone":641,"minecraft:gunpowder":2,"minecraft:diamond_chestplate":2,"minecraft:diamond_pickaxe":1,"minecraft:melon_seeds":1,"minecraft:diamond_boots":1,"minecraft:bow":1,"minecraft:netherrack":6},"minecraft:killed":{"greekfantasy:ara":1,"greekfantasy:shade":2,"minecraft:zombified_piglin":13,"alexsmobs:raccoon":1,"minecraft:spider":1,"minecraft:skeleton":4,"greekfantasy:fury":1,"minecraft:chicken":2,"greekfantasy:orthus":1,"minecraft:creeper":7,"alexsmobs:crimson_mosquito":3,"minecraft:sheep":1,"alexsmobs:endergrade":1,"minecraft:zombie":5,"minecraft:ghast":2,"alexsmobs:roadrunner":1,"minecraft:wither_skeleton":13,"greekfantasy:drakaina":7},"minecraft:mined":{"minecraft:nether_gold_ore":52,"minecraft:diamond_ore":31,"silentgear:wild_flax_plant":2,"minecraft:granite":19,"minecraft:acacia_log":12,"minecraft:grass_block":112,"minecraft:crimson_roots":1,"silentgear:crimson_iron_ore":13,"minecraft:nether_wart":40,"minecraft:spawner":1,"minecraft:weeping_vines_plant":1,"minecraft:redstone_ore":13,"minecraft:furnace":2,"iceandfire:copper_ore":1,"minecraft:iron_ore":45,"minecraft:fire":13,"tconstruct:cobalt_ore":3,"minecraft:andesite":4,"minecraft:anvil":1,"greekfantasy:marble":13,"byg:rocky_stone":1,"minecraft:stone":323,"minecraft:tripwire":1,"minecraft:smithing_table":1,"minecraft:soul_sand":20,"minecraft:crimson_nylium":3,"minecraft:crafting_table":6,"minecraft:torch":1,"minecraft:nether_quartz_ore":202,"minecraft:tall_grass":6,"minecraft:cobblestone":1,"iceandfire:amythest_ore":1,"minecraft:lapis_ore":8,"minecraft:diorite":3,"greekfantasy:limestone":7,"byg:soapstone":1,"byg:scoria_stone":2,"minecraft:nether_wart_block":1,"minecraft:wither_rose":1,"minecraft:grass":27,"minecraft:oak_log":12,"minecraft:coal_ore":71,"minecraft:gravel":16,"minecraft:dirt":18,"minecraft:netherrack":72,"minecraft:ancient_debris":61,"minecraft:oak_leaves":2},"minecraft:broken":{"minecraft:wooden_pickaxe":1,"minecraft:stone_pickaxe":1,"minecraft:iron_pickaxe":1},"minecraft:used":{"minecraft:flint_and_steel":53,"securitycraft:keypad_chest":5,"minecraft:diamond_hoe":168,"minecraft:chest":2,"minecraft:shield":2,"greekfantasy:limestone":1,"minecraft:stone":1920,"minecraft:nether_wart":40,"minecraft:wooden_shovel":16,"spartanweaponry:longsword_diamond":2,"minecraft:farmland":2,"minecraft:netherrack":39,"minecraft:torch":79,"minecraft:brewing_stand":1,"minecraft:soul_sand":20,"minecraft:dirt":114,"minecraft:anvil":1,"securitycraft:keypad_item":5,"minecraft:stone_stairs":37,"minecraft:wooden_axe":19,"minecraft:bookshelf":9,"minecraft:grass_block":407,"minecraft:quartz_block":1,"minecraft:spawner":1,"minecraft:chicken_spawn_egg":2,"minecraft:melon_seeds":38,"alexsmobs:spawn_egg_endergrade":1,"minecraft:bow":69,"iceandfire:dread_queen_sword":1,"minecraft:soul_soil":1,"minecraft:oak_sapling":2,"minecraft:furnace":4,"tombstone:gift":2,"minecraft:egg":2,"minecraft:cooked_beef":36,"minecraft:potato":281,"minecraft:turtle_egg":3,"minecraft:water_bucket":15,"minecraft:glass_bottle":20,"minecraft:oak_planks":3,"minecraft:stone_pickaxe":131,"minecraft:ender_pearl":1,"minecraft:wooden_pickaxe":59,"greekfantasy:artemis_bow":8,"minecraft:sand":13,"minecraft:crafting_table":9,"minecraft:pumpkin_seeds":39,"minecraft:wooden_hoe":150,"minecraft:diamond_pickaxe":442,"minecraft:diamond_shovel":136,"minecraft:dark_oak_log":5,"minecraft:command_block":5,"minecraft:string":1,"minecraft:iron_pickaxe":248,"majruszs_difficulty:bandage":13,"silentgear:hammer":19,"minecraft:pink_bed":2,"minecraft:diamond_sword":139,"minecraft:cobblestone":90,"minecraft:smithing_table":2,"alexsmobs:animal_dictionary":1},"minecraft:picked_up":{"silentgear:raw_crimson_iron":31,"minecraft:crafting_table":6,"byg:soapstone":1,"securitycraft:keypad_item":1,"iceandfire:witherbone":10,"minecraft:chicken":2,"minecraft:nether_wart":52,"minecraft:anvil":1,"iceandfire:copper_ore":2,"minecraft:smithing_table":1,"minecraft:diamond_sword":1,"tconstruct:sword":1,"minecraft:wither_rose":1,"minecraft:enchanted_book":4,"minecraft:string":7,"minecraft:netherite_scrap":2,"iceandfire:amythest_gem":1,"alexsmobs:blood_sac":1,"minecraft:gold_nugget":451,"greekfantasy:limestone":2,"minecraft:poppy":1,"minecraft:iron_pickaxe":2,"minecraft:light_gray_wool":1,"minecraft:furnace":2,"minecraft:egg":2,"minecraft:stick":9,"majruszs_difficulty:wither_sword":1,"minecraft:brown_terracotta":3,"minecraft:torch":14,"minecraft:acacia_log":12,"epicfight:skillbook":3,"silentgear:hammer":1,"tombstone:grave_dust":17,"minecraft:diorite":7,"minecraft:redstone":57,"tconstruct:small_blade":1,"minecraft:rabbit_foot":3,"minecraft:arrow":4,"minecraft:diamond_chestplate":2,"minecraft:rotten_flesh":28,"minecraft:nether_bricks":1,"greekfantasy:marble":13,"minecraft:diamond_boots":1,"iceandfire:dread_queen_sword":1,"minecraft:mutton":2,"forbidden_arcanus:spawner_scrap":2,"minecraft:white_wool":12,"minecraft:cobblestone":346,"minecraft:air":0,"minecraft:feather":2,"minecraft:cooked_beef":64,"minecraft:potato":6,"paraglider:spirit_orb":94,"minecraft:flint":2,"minecraft:oak_log":12,"minecraft:ancient_debris":63,"minecraft:nether_wart_block":1,"minecraft:gunpowder":10,"minecraft:wither_skeleton_skull":2,"minecraft:lapis_lazuli":55,"minecraft:dirt":112,"tombstone:gift":1,"minecraft:bone":8,"byg:scoria_cobblestone":2,"minecraft:bow":1,"tconstruct:sledge_hammer":2,"greekfantasy:snake_fang":4,"minecraft:wheat_seeds":12,"greekfantasy:fiery_bat_wing":1,"minecraft:iron_ingot":1,"minecraft:iron_ore":45,"minecraft:soul_sand":20,"minecraft:pink_bed":1,"tconstruct:necrotic_bone":47,"minecraft:quartz":442,"greekfantasy:snakeskin":12,"minecraft:gravel":16,"minecraft:sand":5,"greekfantasy:orthus_head":1,"minecraft:white_bed":1,"minecraft:dark_oak_log":1,"forbidden_arcanus:arcane_crystal":3,"minecraft:diamond":31,"tconstruct:cobalt_ore":6,"minecraft:granite":2,"minecraft:oak_sapling":7,"minecraft:netherrack":106,"minecraft:melon_seeds":1,"minecraft:coal":93,"majruszs_difficulty:bandage":61,"minecraft:crimson_roots":2,"minecraft:ender_pearl":2,"minecraft:diamond_pickaxe":1},"minecraft:custom":{"minecraft:interact_with_smithing_table":4,"minecraft:interact_with_anvil":18,"minecraft:mob_kills":70,"minecraft:interact_with_crafting_table":17,"minecraft:open_barrel":2,"minecraft:bell_ring":5,"minecraft:leave_game":6,"minecraft:time_since_death":476178,"minecraft:climb_one_cm":701,"minecraft:sprint_one_cm":506797,"minecraft:damage_blocked_by_shield":130,"minecraft:walk_one_cm":903010,"minecraft:drop":106,"minecraft:damage_dealt_absorbed":241,"minecraft:talked_to_villager":4,"minecraft:deaths":3,"minecraft:sneak_time":3663,"minecraft:walk_under_water_one_cm":1667,"minecraft:interact_with_brewingstand":5,"minecraft:jump":4200,"minecraft:walk_on_water_one_cm":4424,"minecraft:interact_with_furnace":67,"tombstone:raider_killed":1,"minecraft:play_one_minute":509837,"minecraft:sleep_in_bed":5,"minecraft:time_since_rest":131628,"minecraft:damage_taken":3468,"minecraft:damage_dealt":3151,"minecraft:player_kills":3,"minecraft:fly_one_cm":1122126,"minecraft:open_chest":40,"minecraft:crouch_one_cm":14068,"tombstone:undead_killed":37,"minecraft:fall_one_cm":42581}},"DataVersion":2586}