{"stats":{"minecraft:killed_by":{"minecraft:zombie":1},"minecraft:killed":{"alexsmobs:endergrade":1,"minecraft:skeleton":1,"minecraft:zombie":1,"minecraft:creeper":3,"minecraft:chicken":2},"minecraft:picked_up":{"minecraft:chicken":2,"minecraft:gunpowder":2},"minecraft:used":{"greekfantasy:artemis_bow":8,"alexsmobs:spawn_egg_endergrade":1,"minecraft:sand":13,"minecraft:chicken_spawn_egg":2,"spartanweaponry:longsword_diamond":2},"minecraft:custom":{"minecraft:time_since_rest":2936,"minecraft:play_one_minute":4336,"minecraft:walk_one_cm":22288,"minecraft:sprint_one_cm":1334,"minecraft:damage_taken":245,"tombstone:undead_killed":2,"minecraft:deaths":1,"minecraft:sneak_time":8,"minecraft:mob_kills":8,"minecraft:jump":15,"minecraft:damage_dealt":80,"minecraft:leave_game":1,"minecraft:time_since_death":3596,"minecraft:fly_one_cm":2234}},"DataVersion":2586}