{"stats":{"minecraft:dropped":{"minecraft:enchanted_book":1,"minecraft:wheat_seeds":2,"minecraft:feather":2,"minecraft:cobblestone":125,"minecraft:granite":2,"minecraft:coal":4,"minecraft:stick":10,"minecraft:flint":2,"minecraft:dirt":4,"minecraft:diorite":2,"byg:soapstone":1,"minecraft:wooden_axe":1,"tombstone:grave_dust":12,"minecraft:sand":5,"minecraft:iron_pickaxe":2,"byg:scoria_cobblestone":2,"minecraft:gravel":16,"majruszs_difficulty:bandage":55,"silentgear:hammer":1,"minecraft:rotten_flesh":9,"minecraft:light_gray_wool":1,"iceandfire:copper_ore":1,"minecraft:rabbit_foot":3,"minecraft:poppy":1,"minecraft:stone":640,"minecraft:gunpowder":2,"minecraft:diamond_boots":1},"minecraft:killed":{"minecraft:skeleton":1,"minecraft:chicken":2,"minecraft:creeper":4,"alexsmobs:endergrade":1,"minecraft:sheep":1,"minecraft:zombie":2,"alexsmobs:roadrunner":1},"minecraft:custom":{"minecraft:mob_kills":14,"minecraft:interact_with_anvil":11,"minecraft:interact_with_crafting_table":12,"minecraft:open_barrel":2,"minecraft:bell_ring":3,"minecraft:leave_game":5,"minecraft:time_since_death":227989,"minecraft:climb_one_cm":534,"minecraft:sprint_one_cm":216208,"minecraft:walk_one_cm":436987,"minecraft:drop":66,"minecraft:talked_to_villager":3,"minecraft:deaths":3,"minecraft:sneak_time":1832,"minecraft:walk_under_water_one_cm":1667,"minecraft:jump":1515,"minecraft:walk_on_water_one_cm":4126,"minecraft:interact_with_furnace":15,"tombstone:raider_killed":1,"minecraft:play_one_minute":261648,"minecraft:sleep_in_bed":2,"minecraft:time_since_rest":42945,"minecraft:damage_taken":1513,"minecraft:damage_dealt":396,"minecraft:fly_one_cm":439752,"minecraft:open_chest":20,"minecraft:crouch_one_cm":5828,"tombstone:undead_killed":3,"minecraft:fall_one_cm":15082},"minecraft:used":{"minecraft:flint_and_steel":14,"securitycraft:keypad_chest":5,"minecraft:diamond_hoe":168,"minecraft:chest":2,"minecraft:stone":1654,"minecraft:wooden_shovel":16,"spartanweaponry:longsword_diamond":2,"minecraft:farmland":1,"minecraft:torch":53,"minecraft:dirt":5,"securitycraft:keypad_item":5,"minecraft:stone_stairs":37,"minecraft:wooden_axe":19,"minecraft:bookshelf":9,"minecraft:grass_block":187,"minecraft:chicken_spawn_egg":2,"minecraft:melon_seeds":38,"alexsmobs:spawn_egg_endergrade":1,"minecraft:bow":9,"minecraft:oak_sapling":2,"minecraft:furnace":4,"tombstone:gift":2,"minecraft:egg":2,"minecraft:cooked_beef":10,"minecraft:potato":10,"minecraft:water_bucket":11,"minecraft:stone_pickaxe":131,"minecraft:wooden_pickaxe":59,"greekfantasy:artemis_bow":8,"minecraft:sand":13,"minecraft:crafting_table":9,"minecraft:pumpkin_seeds":39,"minecraft:diamond_pickaxe":2,"minecraft:command_block":1,"minecraft:iron_pickaxe":248,"majruszs_difficulty:bandage":9,"silentgear:hammer":19,"minecraft:cobblestone":25,"alexsmobs:animal_dictionary":1},"minecraft:broken":{"minecraft:wooden_pickaxe":1,"minecraft:stone_pickaxe":1,"minecraft:iron_pickaxe":1},"minecraft:picked_up":{"minecraft:crafting_table":6,"byg:soapstone":1,"securitycraft:keypad_item":1,"minecraft:chicken":2,"iceandfire:witherbone":2,"iceandfire:copper_ore":2,"minecraft:enchanted_book":1,"iceandfire:amythest_gem":1,"greekfantasy:limestone":1,"minecraft:poppy":1,"minecraft:iron_pickaxe":2,"minecraft:light_gray_wool":1,"minecraft:egg":2,"minecraft:furnace":2,"minecraft:stick":6,"minecraft:torch":11,"minecraft:acacia_log":12,"silentgear:hammer":1,"tombstone:grave_dust":11,"minecraft:diorite":6,"minecraft:redstone":57,"minecraft:rabbit_foot":3,"minecraft:rotten_flesh":9,"greekfantasy:marble":13,"minecraft:diamond_boots":1,"minecraft:mutton":2,"minecraft:white_wool":12,"minecraft:cobblestone":346,"minecraft:feather":2,"minecraft:cooked_beef":64,"minecraft:flint":2,"minecraft:oak_log":12,"minecraft:gunpowder":4,"minecraft:lapis_lazuli":55,"minecraft:dirt":9,"byg:scoria_cobblestone":2,"minecraft:bone":2,"tconstruct:sledge_hammer":1,"minecraft:wheat_seeds":2,"minecraft:iron_ore":45,"minecraft:gravel":16,"minecraft:sand":5,"minecraft:white_bed":1,"minecraft:diamond":31,"minecraft:granite":2,"minecraft:oak_sapling":2,"minecraft:coal":71,"majruszs_difficulty:bandage":61},"minecraft:killed_by":{"minecraft:spider":1,"alexsmobs:roadrunner":1,"minecraft:zombie":1},"minecraft:crafted":{"minecraft:oak_planks":48,"minecraft:furnace":2,"minecraft:diamond_helmet":1,"minecraft:diamond_leggings":1,"minecraft:stone_pickaxe":1,"minecraft:diamond_boots":1,"minecraft:wooden_shovel":1,"minecraft:crafting_table":1,"minecraft:wooden_pickaxe":1,"minecraft:air":0,"minecraft:stick":16,"minecraft:iron_ingot":18,"minecraft:iron_pickaxe":2,"minecraft:wooden_axe":1,"silentgear:hammer":1,"minecraft:acacia_planks":48,"minecraft:diamond_chestplate":1},"minecraft:mined":{"minecraft:diamond_ore":31,"minecraft:granite":19,"minecraft:acacia_log":12,"minecraft:grass_block":2,"minecraft:redstone_ore":13,"minecraft:furnace":2,"iceandfire:copper_ore":1,"minecraft:iron_ore":45,"minecraft:andesite":4,"greekfantasy:marble":13,"byg:rocky_stone":1,"minecraft:stone":323,"minecraft:crafting_table":6,"minecraft:cobblestone":1,"iceandfire:amythest_ore":1,"minecraft:lapis_ore":8,"minecraft:diorite":3,"greekfantasy:limestone":6,"byg:soapstone":1,"byg:scoria_stone":2,"minecraft:grass":6,"minecraft:coal_ore":71,"minecraft:oak_log":12,"minecraft:gravel":16,"minecraft:dirt":9,"minecraft:oak_leaves":2}},"DataVersion":2586}