{"stats":{"minecraft:dropped":{"minecraft:enchanted_book":1,"minecraft:gravel":16,"majruszs_difficulty:bandage":55,"minecraft:wheat_seeds":2,"silentgear:hammer":1,"minecraft:feather":2,"minecraft:cobblestone":125,"minecraft:rotten_flesh":9,"minecraft:light_gray_wool":1,"minecraft:granite":2,"iceandfire:copper_ore":1,"minecraft:coal":4,"minecraft:rabbit_foot":3,"minecraft:flint":2,"minecraft:stick":10,"minecraft:poppy":1,"minecraft:dirt":4,"minecraft:stone":640,"minecraft:gunpowder":2,"minecraft:diorite":2,"byg:soapstone":1,"minecraft:wooden_axe":1,"tombstone:grave_dust":12,"minecraft:sand":5,"minecraft:iron_pickaxe":2,"byg:scoria_cobblestone":2},"minecraft:killed":{"minecraft:creeper":3,"alexsmobs:endergrade":1,"minecraft:sheep":1,"minecraft:skeleton":1,"minecraft:zombie":2,"minecraft:chicken":2,"alexsmobs:roadrunner":1},"minecraft:custom":{"minecraft:interact_with_furnace":10,"minecraft:interact_with_anvil":7,"minecraft:mob_kills":11,"tombstone:raider_killed":1,"minecraft:interact_with_crafting_table":12,"minecraft:open_barrel":2,"minecraft:play_one_minute":177648,"minecraft:bell_ring":3,"minecraft:leave_game":5,"minecraft:time_since_death":143989,"minecraft:climb_one_cm":534,"minecraft:sleep_in_bed":1,"minecraft:time_since_rest":143584,"minecraft:sprint_one_cm":142364,"minecraft:damage_taken":1095,"minecraft:walk_one_cm":239762,"minecraft:drop":65,"minecraft:damage_dealt":395,"minecraft:fly_one_cm":236945,"minecraft:talked_to_villager":3,"minecraft:open_chest":18,"minecraft:crouch_one_cm":3562,"tombstone:undead_killed":3,"minecraft:deaths":3,"minecraft:sneak_time":1068,"minecraft:walk_under_water_one_cm":1667,"minecraft:jump":897,"minecraft:walk_on_water_one_cm":4099,"minecraft:fall_one_cm":12344},"minecraft:used":{"minecraft:flint_and_steel":14,"securitycraft:keypad_chest":5,"minecraft:stone_pickaxe":131,"minecraft:chest":2,"minecraft:wooden_pickaxe":59,"minecraft:stone":632,"minecraft:wooden_shovel":16,"spartanweaponry:longsword_diamond":2,"greekfantasy:artemis_bow":8,"minecraft:torch":12,"minecraft:dirt":5,"minecraft:sand":13,"securitycraft:keypad_item":5,"minecraft:crafting_table":9,"minecraft:wooden_axe":19,"minecraft:bookshelf":9,"minecraft:iron_pickaxe":248,"minecraft:chicken_spawn_egg":2,"majruszs_difficulty:bandage":4,"silentgear:hammer":19,"alexsmobs:spawn_egg_endergrade":1,"minecraft:cobblestone":25,"minecraft:furnace":4,"minecraft:oak_sapling":2,"tombstone:gift":2,"alexsmobs:animal_dictionary":1,"minecraft:egg":2,"minecraft:cooked_beef":5},"minecraft:picked_up":{"minecraft:crafting_table":6,"byg:soapstone":1,"securitycraft:keypad_item":1,"minecraft:feather":2,"minecraft:cooked_beef":64,"minecraft:chicken":2,"iceandfire:copper_ore":2,"minecraft:enchanted_book":1,"minecraft:flint":2,"minecraft:oak_log":12,"minecraft:gunpowder":4,"minecraft:lapis_lazuli":55,"minecraft:dirt":9,"minecraft:bone":2,"byg:scoria_cobblestone":2,"iceandfire:amythest_gem":1,"tconstruct:sledge_hammer":1,"minecraft:wheat_seeds":2,"minecraft:iron_ore":45,"minecraft:poppy":1,"minecraft:iron_pickaxe":2,"minecraft:light_gray_wool":1,"minecraft:furnace":2,"minecraft:egg":2,"minecraft:stick":6,"minecraft:torch":6,"minecraft:acacia_log":12,"minecraft:gravel":16,"silentgear:hammer":1,"minecraft:sand":5,"tombstone:grave_dust":11,"minecraft:diorite":5,"minecraft:redstone":57,"minecraft:rabbit_foot":3,"minecraft:rotten_flesh":9,"minecraft:diamond":31,"greekfantasy:marble":13,"minecraft:granite":2,"minecraft:oak_sapling":2,"minecraft:mutton":2,"majruszs_difficulty:bandage":61,"minecraft:coal":71,"minecraft:white_wool":12,"minecraft:cobblestone":334},"minecraft:broken":{"minecraft:stone_pickaxe":1,"minecraft:iron_pickaxe":1,"minecraft:wooden_pickaxe":1},"minecraft:killed_by":{"minecraft:spider":1,"minecraft:zombie":1,"alexsmobs:roadrunner":1},"minecraft:crafted":{"minecraft:oak_planks":48,"minecraft:wooden_shovel":1,"minecraft:crafting_table":1,"minecraft:wooden_pickaxe":1,"minecraft:furnace":2,"minecraft:air":0,"minecraft:diamond_helmet":1,"minecraft:diamond_leggings":1,"minecraft:stick":16,"minecraft:iron_ingot":18,"minecraft:iron_pickaxe":2,"minecraft:stone_pickaxe":1,"minecraft:wooden_axe":1,"minecraft:diamond_boots":1,"silentgear:hammer":1,"minecraft:acacia_planks":48,"minecraft:diamond_chestplate":1},"minecraft:mined":{"minecraft:diamond_ore":31,"minecraft:crafting_table":6,"minecraft:granite":19,"minecraft:acacia_log":12,"minecraft:grass_block":2,"minecraft:cobblestone":1,"iceandfire:amythest_ore":1,"minecraft:lapis_ore":8,"minecraft:diorite":3,"greekfantasy:limestone":6,"byg:soapstone":1,"minecraft:redstone_ore":13,"byg:scoria_stone":2,"minecraft:furnace":2,"iceandfire:copper_ore":1,"minecraft:iron_ore":45,"minecraft:andesite":4,"greekfantasy:marble":13,"minecraft:grass":6,"minecraft:oak_log":12,"minecraft:coal_ore":71,"minecraft:gravel":16,"minecraft:dirt":9,"byg:rocky_stone":1,"minecraft:stone":321,"minecraft:oak_leaves":2}},"DataVersion":2586}