{"stats":{"minecraft:killed_by":{"minecraft:zombie":1},"minecraft:killed":{"alexsmobs:endergrade":1,"minecraft:skeleton":1,"minecraft:zombie":1,"minecraft:chicken":2,"minecraft:creeper":3},"minecraft:mined":{"minecraft:grass_block":1,"minecraft:dirt":3,"minecraft:stone":45},"minecraft:picked_up":{"minecraft:bone":2,"minecraft:chicken":2,"minecraft:rotten_flesh":2,"minecraft:gunpowder":4,"minecraft:dirt":4,"minecraft:cobblestone":45,"minecraft:egg":1},"minecraft:used":{"minecraft:dirt":4,"silentgear:hammer":9,"greekfantasy:artemis_bow":8,"alexsmobs:spawn_egg_endergrade":1,"minecraft:sand":13,"minecraft:cobblestone":9,"minecraft:crafting_table":1,"minecraft:chicken_spawn_egg":2,"minecraft:stone":35,"spartanweaponry:longsword_diamond":2},"minecraft:crafted":{"silentgear:hammer":1},"minecraft:custom":{"minecraft:time_since_rest":11639,"minecraft:play_one_minute":13039,"minecraft:deaths":1,"minecraft:sprint_one_cm":9719,"tombstone:undead_killed":2,"minecraft:damage_taken":245,"minecraft:walk_one_cm":30050,"minecraft:sneak_time":8,"minecraft:mob_kills":8,"minecraft:jump":65,"minecraft:damage_dealt":80,"minecraft:leave_game":2,"minecraft:time_since_death":12299,"minecraft:interact_with_crafting_table":1,"minecraft:fall_one_cm":476,"minecraft:fly_one_cm":9993}},"DataVersion":2586}