{"stats":{"minecraft:killed_by":{"minecraft:wither_skeleton":1,"minecraft:skeleton":2,"minecraft:spider":1,"minecraft:zombie":2,"theabyss:magical_deer":1},"minecraft:crafted":{"minecraft:oak_planks":32,"minecraft:cooked_porkchop":5,"minecraft:crafting_table":1,"minecraft:wooden_pickaxe":1,"minecraft:cooked_chicken":2,"minecraft:furnace":1,"minecraft:stone_axe":1,"minecraft:air":0,"spartanweaponry:boomerang_stone":1,"minecraft:stick":8,"silentgear:stone_rod":4,"minecraft:stone_pickaxe":1,"minecraft:stone_sword":1,"minecraft:acacia_planks":24},"minecraft:dropped":{"minecraft:stone_axe":1,"minecraft:wheat_seeds":12,"minecraft:stone_sword":2,"minecraft:crafting_table":3,"minecraft:chicken":1,"minecraft:light_gray_wool":2,"minecraft:leather":2,"spartanweaponry:boomerang_stone":1,"minecraft:dirt":4,"minecraft:tipped_arrow":2,"minecraft:gunpowder":2,"minecraft:diorite":3,"tombstone:grave_key":5,"minecraft:acacia_sapling":4,"minecraft:iron_ore":8,"minecraft:arrow":2,"minecraft:stone_pickaxe":1},"minecraft:killed":{"greekfantasy:shade":1,"minecraft:pig":3,"minecraft:spider":1,"minecraft:creeper":2,"minecraft:sheep":6,"minecraft:skeleton":2,"minecraft:zombie":3,"minecraft:chicken":3,"minecraft:llama":4,"alexsmobs:fly":1,"minecraft:wither_skeleton":1},"minecraft:mined":{"minecraft:attached_melon_stem":1,"minecraft:crafting_table":1,"minecraft:acacia_log":8,"minecraft:grass_block":8,"minecraft:melon":8,"minecraft:tall_grass":15,"minecraft:sugar_cane":8,"minecraft:oak_planks":2,"minecraft:diorite":3,"minecraft:furnace":1,"minecraft:iron_ore":8,"minecraft:grass":74,"minecraft:oak_log":8,"minecraft:coal_ore":8,"minecraft:dirt":21,"minecraft:acacia_planks":1,"minecraft:stone":43,"minecraft:oak_leaves":3},"minecraft:used":{"minecraft:stone_sword":46,"minecraft:acacia_log":2,"minecraft:stone_pickaxe":56,"minecraft:oak_planks":17,"minecraft:wooden_pickaxe":34,"minecraft:cooked_chicken":2,"minecraft:rotten_flesh":1,"minecraft:dirt":25,"minecraft:crafting_table":1,"spartanweaponry:boomerang_stone":29,"minecraft:bread":2,"minecraft:stone_axe":26,"minecraft:diamond_sword":9,"minecraft:cobblestone":20,"minecraft:furnace":1,"minecraft:porkchop":1,"minecraft:cooked_porkchop":4,"tombstone:gift":2,"alexsmobs:animal_dictionary":1,"minecraft:acacia_planks":21},"minecraft:picked_up":{"minecraft:iron_chestplate":2,"minecraft:crafting_table":3,"minecraft:feather":2,"iceandfire:witherbone":2,"minecraft:chicken":3,"minecraft:leather":2,"minecraft:diamond_sword":1,"paraglider:spirit_orb":4,"minecraft:oak_log":8,"tombstone:grave_key":2,"minecraft:shield":1,"minecraft:gunpowder":2,"minecraft:dirt":29,"silentgear:sinew":2,"minecraft:bone":13,"minecraft:acacia_planks":1,"minecraft:diamond_leggings":1,"minecraft:wheat_seeds":12,"minecraft:iron_ore":8,"minecraft:light_gray_wool":2,"minecraft:melon_slice":37,"minecraft:sugar_cane":19,"minecraft:oak_planks":7,"minecraft:acacia_sapling":4,"minecraft:iron_boots":1,"minecraft:tipped_arrow":2,"minecraft:acacia_log":8,"epicfight:skillbook":1,"minecraft:porkchop":6,"minecraft:diorite":3,"minecraft:spider_eye":1,"minecraft:arrow":3,"minecraft:stone_sword":1,"minecraft:rotten_flesh":3,"minecraft:iron_helmet":1,"minecraft:golden_apple":6,"minecraft:bread":32,"alexsmobs:maggot":4,"tombstone:magic_scroll":1,"minecraft:mutton":10,"forbidden_arcanus:spawner_scrap":1,"minecraft:coal":8,"minecraft:white_wool":6,"minecraft:cobblestone":39},"minecraft:custom":{"minecraft:interact_with_furnace":14,"minecraft:mob_kills":26,"minecraft:interact_with_crafting_table":11,"minecraft:play_one_minute":51644,"minecraft:leave_game":2,"minecraft:time_since_death":1511,"minecraft:sleep_in_bed":1,"minecraft:climb_one_cm":48,"minecraft:time_since_rest":1217,"minecraft:sprint_one_cm":123805,"minecraft:damage_taken":2484,"minecraft:walk_one_cm":123749,"minecraft:drop":26,"minecraft:damage_dealt":2247,"minecraft:damage_dealt_absorbed":154,"minecraft:swim_one_cm":2847,"minecraft:fly_one_cm":189997,"minecraft:open_chest":6,"minecraft:crouch_one_cm":6273,"tombstone:undead_killed":7,"minecraft:deaths":8,"minecraft:sneak_time":2938,"minecraft:walk_under_water_one_cm":1206,"minecraft:jump":1099,"minecraft:walk_on_water_one_cm":11019,"minecraft:fall_one_cm":19838}},"DataVersion":2586}