{"stats":{"minecraft:killed_by":{"minecraft:skeleton":2,"minecraft:spider":1,"minecraft:zombie":2},"minecraft:dropped":{"minecraft:stone_sword":1,"minecraft:light_gray_wool":2,"spartanweaponry:boomerang_stone":1,"minecraft:dirt":4,"minecraft:diorite":3,"tombstone:grave_key":1},"minecraft:crafted":{"minecraft:oak_planks":32,"minecraft:cooked_porkchop":5,"minecraft:crafting_table":1,"minecraft:wooden_pickaxe":1,"minecraft:cooked_chicken":2,"minecraft:furnace":1,"minecraft:stone_axe":1,"minecraft:air":0,"spartanweaponry:boomerang_stone":1,"minecraft:stick":8,"silentgear:stone_rod":4,"minecraft:stone_pickaxe":1,"minecraft:stone_sword":1,"minecraft:acacia_planks":24},"minecraft:mined":{"minecraft:acacia_log":8,"minecraft:grass_block":6,"minecraft:tall_grass":15,"minecraft:sugar_cane":8,"minecraft:oak_planks":2,"minecraft:diorite":3,"minecraft:iron_ore":8,"minecraft:grass":67,"minecraft:oak_log":8,"minecraft:coal_ore":8,"minecraft:dirt":18,"minecraft:acacia_planks":1,"minecraft:stone":43,"minecraft:oak_leaves":3},"minecraft:killed":{"greekfantasy:shade":1,"minecraft:pig":3,"minecraft:spider":1,"minecraft:creeper":2,"minecraft:sheep":6,"minecraft:skeleton":1,"minecraft:zombie":3,"minecraft:chicken":3,"minecraft:llama":4,"alexsmobs:fly":1},"minecraft:used":{"minecraft:stone_sword":46,"minecraft:acacia_log":2,"minecraft:stone_pickaxe":55,"minecraft:oak_planks":17,"minecraft:wooden_pickaxe":34,"minecraft:cooked_chicken":2,"minecraft:rotten_flesh":1,"minecraft:dirt":20,"minecraft:crafting_table":1,"spartanweaponry:boomerang_stone":28,"minecraft:stone_axe":25,"minecraft:cobblestone":20,"minecraft:furnace":1,"minecraft:porkchop":1,"minecraft:cooked_porkchop":4,"tombstone:gift":2,"alexsmobs:animal_dictionary":1,"minecraft:acacia_planks":21},"minecraft:picked_up":{"minecraft:feather":2,"minecraft:chicken":3,"minecraft:leather":2,"minecraft:oak_log":8,"minecraft:gunpowder":2,"minecraft:dirt":24,"silentgear:sinew":2,"minecraft:bone":2,"minecraft:acacia_planks":1,"minecraft:wheat_seeds":11,"minecraft:iron_ore":8,"minecraft:light_gray_wool":2,"minecraft:sugar_cane":19,"minecraft:oak_planks":7,"minecraft:acacia_sapling":4,"minecraft:acacia_log":8,"minecraft:porkchop":6,"minecraft:diorite":3,"minecraft:spider_eye":1,"minecraft:stone_sword":1,"minecraft:rotten_flesh":3,"alexsmobs:maggot":4,"minecraft:mutton":10,"minecraft:coal":5,"minecraft:white_wool":6,"minecraft:cobblestone":39},"minecraft:custom":{"minecraft:interact_with_furnace":14,"minecraft:mob_kills":25,"minecraft:interact_with_crafting_table":11,"minecraft:play_one_minute":39644,"minecraft:leave_game":2,"minecraft:time_since_death":12761,"minecraft:time_since_rest":11974,"minecraft:sprint_one_cm":97027,"minecraft:damage_taken":1749,"minecraft:walk_one_cm":102417,"minecraft:drop":7,"minecraft:damage_dealt":1890,"minecraft:damage_dealt_absorbed":154,"minecraft:swim_one_cm":2847,"minecraft:fly_one_cm":144447,"minecraft:open_chest":1,"minecraft:crouch_one_cm":4352,"tombstone:undead_killed":5,"minecraft:deaths":5,"minecraft:sneak_time":2343,"minecraft:walk_under_water_one_cm":1206,"minecraft:jump":878,"minecraft:walk_on_water_one_cm":6220,"minecraft:fall_one_cm":17094}},"DataVersion":2586}