{"stats":{"minecraft:dropped":{"minecraft:nether_brick_stairs":26,"minecraft:iron_sword":4,"minecraft:porkchop":3,"minecraft:oak_pressure_plate":1,"minecraft:glass_bottle":9,"minecraft:crafting_table":1,"minecraft:leather_helmet":2,"silentgear:blueprint_package":1,"paraglider:spirit_orb":16,"minecraft:cod":4,"minecraft:flint":2,"minecraft:dirt":19,"tconstruct:materials_and_you":1,"minecraft:sand":5,"minecraft:fishing_rod":1,"byg:scoria_cobblestone":1,"minecraft:bone":11,"minecraft:gravel":1,"minecraft:stone_axe":2,"minecraft:iron_nugget":8,"alexsmobs:animal_dictionary":1,"minecraft:wheat":12,"minecraft:obsidian":2,"greekfantasy:limestone":6,"tombstone:gift":3,"minecraft:rotten_flesh":118,"minecraft:oak_planks":6,"iceandfire:copper_ore":2,"minecraft:carrot":1,"minecraft:rabbit_foot":1,"minecraft:chainmail_chestplate":1,"minecraft:poppy":2,"minecraft:leather_chestplate":3,"minecraft:melon_seeds":2,"minecraft:leather_boots":1,"minecraft:chainmail_boots":1,"minecraft:leather_leggings":2,"minecraft:iron_ore":2,"minecraft:iron_bars":13,"minecraft:arrow":13,"theabyss:guide_book":1,"minecraft:egg":1,"minecraft:golden_boots":1,"minecraft:wheat_seeds":18,"minecraft:mossy_cobblestone":3,"minecraft:feather":2,"minecraft:iron_helmet":3,"minecraft:cobblestone":8,"minecraft:granite":3,"minecraft:acacia_log":1,"silentgear:sinew":7,"minecraft:chainmail_helmet":3,"minecraft:coal":3,"minecraft:stick":1,"tombstone:magic_scroll":2,"minecraft:wooden_axe":1,"forbidden_arcanus:spawner_scrap":36,"greekfantasy:snakeskin":8,"minecraft:fire_charge":1,"tombstone:grave_dust":11,"minecraft:iron_leggings":6,"minecraft:chainmail_leggings":2,"minecraft:string":3,"minecraft:chicken":1,"minecraft:iron_boots":5,"minecraft:nether_bricks":10,"minecraft:flint_and_steel":1,"minecraft:diamond_sword":1,"minecraft:polished_granite_stairs":1,"minecraft:shield":1,"minecraft:iron_chestplate":3,"tconstruct:travelers_boots":1,"minecraft:spider_eye":1,"minecraft:stone_bricks":3,"tombstone:essence_of_undeath":1,"minecraft:bow":1,"minecraft:slime_ball":1,"greekfantasy:snake_fang":2,"minecraft:stone_pickaxe":2,"minecraft:wooden_pickaxe":2,"epicfight:skillbook":6},"minecraft:killed":{"tconstruct:earth_slime":20,"minecraft:cave_spider":4,"minecraft:spider":3,"minecraft:skeleton":22,"minecraft:silverfish":6,"alexsmobs:centipede_head":1,"minecraft:piglin_brute":7,"minecraft:pig":1,"minecraft:sheep":12,"minecraft:zombie":107,"greekfantasy:cyclopes":1,"minecraft:stray":3,"greekfantasy:drakaina":1,"minecraft:cow":11,"greekfantasy:shade":18,"minecraft:husk":1,"alexsmobs:guster":1,"majruszs_difficulty:creeperling":2,"greekfantasy:minotaur":2,"iceandfire:ghost":4,"greekfantasy:gorgon":1,"minecraft:wither_skeleton":7},"minecraft:custom":{"minecraft:interact_with_crafting_table":45,"minecraft:open_barrel":8,"minecraft:eat_cake_slice":4,"minecraft:leave_game":5,"minecraft:time_since_death":52699,"minecraft:damage_resisted":151,"minecraft:sprint_one_cm":1046547,"minecraft:damage_blocked_by_shield":1336,"minecraft:drop":275,"minecraft:talked_to_villager":1,"minecraft:deaths":30,"minecraft:jump":4549,"minecraft:walk_on_water_one_cm":69102,"minecraft:interact_with_furnace":20,"minecraft:play_one_minute":288072,"minecraft:sleep_in_bed":6,"tombstone:sneak_grave":3,"minecraft:damage_dealt":42339,"minecraft:crouch_one_cm":31466,"tombstone:undead_killed":162,"minecraft:mob_kills":239,"minecraft:interact_with_anvil":10,"minecraft:climb_one_cm":2816,"minecraft:walk_one_cm":773207,"minecraft:sneak_time":11292,"minecraft:walk_under_water_one_cm":17820,"minecraft:time_since_rest":5578,"minecraft:damage_taken":15910,"minecraft:damage_absorbed":1101,"minecraft:trigger_trapped_chest":1,"minecraft:swim_one_cm":21675,"minecraft:fly_one_cm":1295780,"minecraft:open_chest":164,"minecraft:fall_one_cm":107888},"minecraft:used":{"minecraft:shield":34,"minecraft:iron_sword":420,"minecraft:honey_bottle":10,"minecraft:lava_bucket":15,"minecraft:magma_block":1,"minecraft:furnace":2,"minecraft:egg":1,"greekfantasy:marble":1,"minecraft:mossy_stone_bricks":69,"epicfight:skillbook":8,"minecraft:diorite":4,"minecraft:end_rod":1,"minecraft:stone_pickaxe":130,"minecraft:oak_planks":48,"minecraft:ender_pearl":1,"minecraft:wooden_pickaxe":8,"minecraft:sandstone":6,"minecraft:diamond_axe":4,"minecraft:golden_apple":9,"minecraft:sand":2,"minecraft:bread":135,"tombstone:grave_key":4,"minecraft:gravel":1,"minecraft:diamond_sword":692,"minecraft:cobweb":5,"minecraft:iron_bars":7,"minecraft:orange_bed":5,"minecraft:torch":139,"minecraft:dirt":30,"minecraft:anvil":2,"minecraft:polished_diorite":5,"minecraft:wooden_axe":15,"minecraft:golden_carrot":11,"tombstone:gift":1,"minecraft:wheat_seeds":2,"minecraft:water_bucket":11,"byg:pine_crafting_table":8,"minecraft:cracked_stone_bricks":83,"minecraft:mossy_cobblestone":1,"minecraft:crafting_table":10,"minecraft:cod":10,"minecraft:diamond_shovel":16,"minecraft:iron_pickaxe":269,"minecraft:stone_axe":58,"minecraft:cobblestone":84,"minecraft:potion":2,"minecraft:bucket":26},"minecraft:broken":{"minecraft:diamond_leggings":1,"minecraft:iron_pickaxe":1,"minecraft:iron_helmet":3},"minecraft:picked_up":{"minecraft:iron_chestplate":3,"minecraft:chainmail_boots":1,"minecraft:anvil":2,"iceandfire:copper_ore":2,"minecraft:diamond_sword":3,"greekfantasy:horn":2,"forbidden_arcanus:xpetrified_orb":2,"silentgear:sinew":7,"minecraft:string":21,"minecraft:iron_leggings":4,"byg:pine_log":3,"minecraft:diamond_leggings":1,"minecraft:gold_nugget":14,"minecraft:melon_slice":9,"minecraft:furnace":1,"minecraft:iron_boots":3,"minecraft:stick":7,"minecraft:torch":34,"minecraft:acacia_log":8,"epicfight:skillbook":8,"minecraft:porkchop":3,"tombstone:grave_dust":16,"minecraft:diorite":4,"minecraft:orange_bed":5,"minecraft:rotten_flesh":123,"minecraft:end_rod":1,"minecraft:iron_bars":20,"minecraft:cobblestone":211,"minecraft:feather":2,"minecraft:magma_block":1,"minecraft:leather_chestplate":3,"minecraft:golden_leggings":1,"minecraft:potato":1,"paraglider:spirit_orb":138,"minecraft:dirt":49,"minecraft:bone":43,"minecraft:chipped_anvil":1,"minecraft:bow":1,"minecraft:wheat_seeds":20,"minecraft:mossy_stone_bricks":6,"minecraft:diamond_helmet":2,"minecraft:oak_planks":4,"minecraft:oak_pressure_plate":1,"greekfantasy:snakeskin":8,"minecraft:sand":7,"minecraft:nether_brick_stairs":26,"minecraft:mossy_cobblestone":4,"iceandfire:lectern":1,"minecraft:granite":2,"minecraft:golden_apple":16,"byg:pine_crafting_table":8,"minecraft:chainmail_helmet":4,"minecraft:fishing_rod":1,"iceandfire:dragon_skull_lightning":2,"minecraft:crafting_table":9,"byg:soapstone":1,"iceandfire:witherbone":3,"minecraft:chicken":1,"minecraft:leather_leggings":1,"minecraft:wooden_pickaxe":1,"minecraft:gold_block":1,"minecraft:shield":1,"minecraft:iron_shovel":1,"minecraft:cracked_stone_bricks":12,"greekfantasy:limestone":6,"minecraft:beef":23,"minecraft:poppy":1,"minecraft:egg":2,"minecraft:sandstone":6,"iceandfire:dragonbone":30,"greekfantasy:styxian_shard":1,"minecraft:carrot":5,"minecraft:polished_granite_stairs":1,"minecraft:arrow":25,"minecraft:beetroot_seeds":1,"minecraft:nether_bricks":16,"greekfantasy:marble":1,"minecraft:hay_block":94,"tombstone:essence_of_undeath":2,"minecraft:mutton":17,"forbidden_arcanus:spawner_scrap":38,"minecraft:white_wool":12,"minecraft:leather":12,"minecraft:oak_log":5,"minecraft:chainmail_chestplate":1,"minecraft:golden_boots":1,"byg:scoria_cobblestone":1,"greekfantasy:snake_fang":1,"minecraft:iron_ingot":1,"minecraft:iron_ore":36,"minecraft:glass_bottle":2,"minecraft:iron_sword":3,"minecraft:book":24,"tconstruct:copper_ore":2,"minecraft:gravel":2,"minecraft:spider_eye":1,"minecraft:leather_helmet":3,"minecraft:diamond_shovel":2,"minecraft:polished_diorite":5,"minecraft:slime_ball":241,"minecraft:stone_axe":1,"minecraft:chainmail_leggings":3,"minecraft:iron_helmet":4,"minecraft:diamond_axe":3,"tombstone:magic_scroll":2,"minecraft:melon_seeds":2,"minecraft:coal":8},"minecraft:killed_by":{"minecraft:wither_skeleton":5,"minecraft:piglin_brute":3,"minecraft:creeper":2,"minecraft:cave_spider":1,"minecraft:zombie":11,"greekfantasy:minotaur":1,"iceandfire:myrmex_soldier":1,"minecraft:stray":1,"minecraft:skeleton":4,"greekfantasy:nemean_lion":1},"minecraft:crafted":{"minecraft:oak_planks":20,"byg:pine_planks":12,"packedup:ironbackpack":1,"minecraft:iron_boots":2,"minecraft:chest":1,"packedup:basicbackpack":1,"minecraft:crafting_table":2,"minecraft:wooden_pickaxe":1,"minecraft:iron_helmet":2,"minecraft:iron_chestplate":3,"tconstruct:copper_ingot":2,"minecraft:stick":44,"minecraft:iron_pickaxe":2,"minecraft:iron_ingot":30,"minecraft:gold_ingot":9,"tconstruct:travelers_boots":1,"minecraft:furnace":2,"minecraft:slime_ball":12,"minecraft:stone_pickaxe":1,"tconstruct:earth_congealed_slime":61,"minecraft:wheat":270,"minecraft:iron_sword":2,"minecraft:stone_axe":1,"minecraft:bread":87,"minecraft:air":0,"tconstruct:earth_slime_sling":1,"minecraft:wooden_axe":1,"minecraft:iron_leggings":2,"byg:pine_crafting_table":1,"minecraft:acacia_planks":28,"packedup:goldbackpack":1,"minecraft:torch":104},"minecraft:mined":{"minecraft:acacia_log":8,"minecraft:grass_block":7,"tconstruct:earth_slime_tall_grass":1,"iceandfire:lectern":1,"minecraft:oak_pressure_plate":1,"minecraft:polished_diorite":5,"minecraft:spawner":36,"minecraft:iron_ore":34,"minecraft:fire":9,"minecraft:anvil":2,"minecraft:nether_brick_stairs":9,"minecraft:iron_bars":21,"minecraft:orange_bed":5,"minecraft:melon_stem":1,"minecraft:torch":3,"minecraft:poppy":1,"minecraft:melon":2,"minecraft:cobblestone":10,"minecraft:oak_planks":3,"minecraft:wall_torch":14,"byg:soapstone":1,"minecraft:wheat":20,"minecraft:grass":16,"minecraft:beetroots":1,"minecraft:sand":2,"minecraft:dirt":15,"minecraft:mossy_cobblestone":2,"minecraft:nether_bricks":11,"minecraft:sandstone":6,"minecraft:large_fern":1,"minecraft:hay_block":94,"minecraft:furnace":1,"minecraft:carrots":4,"iceandfire:copper_ore":2,"greekfantasy:marble":1,"minecraft:gold_block":2,"minecraft:bookshelf":8,"minecraft:vine":15,"minecraft:stone":210,"tconstruct:earth_congealed_slime":56,"tconstruct:copper_ore":2,"minecraft:glass_pane":1,"minecraft:infested_stone_bricks":1,"minecraft:crafting_table":9,"byg:pine_crafting_table":8,"minecraft:tall_grass":1,"minecraft:diorite":6,"byg:scoria_stone":1,"forbidden_arcanus:xpetrified_ore":2,"byg:pine_log":3,"minecraft:end_rod":1,"minecraft:gravel":2,"minecraft:cobweb":6,"minecraft:cracked_stone_bricks":14,"minecraft:mossy_stone_bricks":10,"minecraft:chipped_anvil":1}},"DataVersion":2586}