{"stats":{"minecraft:killed_by":{"minecraft:wither_skeleton":5,"minecraft:piglin_brute":3,"minecraft:creeper":2,"minecraft:cave_spider":1,"minecraft:zombie":15,"greekfantasy:minotaur":1,"iceandfire:myrmex_soldier":1,"minecraft:stray":1,"minecraft:skeleton":4,"greekfantasy:nemean_lion":1},"minecraft:crafted":{"minecraft:oak_planks":20,"byg:pine_planks":12,"packedup:ironbackpack":1,"minecraft:iron_boots":2,"tombstone:grave_key":1,"minecraft:chest":1,"packedup:basicbackpack":1,"minecraft:crafting_table":2,"minecraft:wooden_pickaxe":1,"minecraft:iron_helmet":3,"silentgear:blaze_gold_ingot":2,"minecraft:hay_block":27,"minecraft:iron_chestplate":4,"tconstruct:copper_ingot":2,"minecraft:stick":44,"minecraft:iron_ingot":30,"minecraft:iron_pickaxe":2,"minecraft:gold_ingot":18,"tconstruct:travelers_boots":1,"minecraft:furnace":2,"minecraft:slime_ball":16,"minecraft:stone_pickaxe":1,"tconstruct:earth_congealed_slime":61,"minecraft:wheat":846,"minecraft:iron_sword":2,"minecraft:stone_axe":1,"minecraft:air":0,"minecraft:bread":213,"tconstruct:earth_slime_sling":2,"minecraft:wooden_axe":1,"minecraft:iron_leggings":2,"byg:pine_crafting_table":1,"minecraft:torch":104,"minecraft:acacia_planks":28,"packedup:goldbackpack":1},"minecraft:dropped":{"minecraft:nether_brick_stairs":26,"minecraft:iron_sword":5,"minecraft:soul_sand":1,"minecraft:porkchop":3,"silentgear:blaze_gold_nugget":1,"minecraft:oak_pressure_plate":1,"minecraft:glass_bottle":12,"minecraft:crafting_table":1,"minecraft:cracked_stone_bricks":5,"silentgear:blueprint_package":1,"minecraft:leather_helmet":2,"paraglider:spirit_orb":64,"minecraft:cod":4,"minecraft:flint":3,"minecraft:dirt":19,"tconstruct:materials_and_you":1,"minecraft:cut_sandstone":4,"minecraft:sand":13,"minecraft:fishing_rod":1,"byg:scoria_cobblestone":1,"minecraft:gold_ingot":1,"minecraft:bone":59,"minecraft:gravel":1,"minecraft:stone_axe":2,"minecraft:iron_nugget":8,"byg:pine_crafting_table":1,"minecraft:golden_chestplate":4,"alexsmobs:animal_dictionary":1,"minecraft:wheat":568,"minecraft:obsidian":2,"greekfantasy:limestone":6,"tombstone:gift":4,"minecraft:rotten_flesh":170,"minecraft:oak_planks":6,"minecraft:diamond_shovel":1,"minecraft:carrot":2,"iceandfire:copper_ore":2,"minecraft:rabbit_foot":1,"minecraft:chainmail_chestplate":1,"minecraft:poppy":2,"minecraft:leather_chestplate":3,"minecraft:tipped_arrow":3,"minecraft:gunpowder":2,"minecraft:melon_seeds":2,"minecraft:leather_boots":4,"minecraft:chainmail_boots":1,"minecraft:leather_leggings":3,"minecraft:iron_ore":2,"minecraft:red_nether_bricks":1,"minecraft:iron_bars":21,"minecraft:arrow":22,"minecraft:stone_brick_stairs":1,"theabyss:guide_book":1,"alexsmobs:lava_bottle":1,"minecraft:egg":1,"minecraft:enchanted_book":1,"minecraft:golden_boots":1,"minecraft:bread":1,"minecraft:wheat_seeds":18,"minecraft:mossy_cobblestone":9,"minecraft:iron_helmet":6,"minecraft:feather":2,"minecraft:cobblestone":17,"minecraft:granite":3,"minecraft:chainmail_helmet":4,"minecraft:acacia_log":1,"silentgear:sinew":7,"minecraft:coal":8,"minecraft:coal_block":1,"minecraft:stick":9,"minecraft:diorite":4,"tombstone:magic_scroll":3,"minecraft:torch":34,"byg:soapstone":1,"minecraft:wooden_axe":1,"tombstone:grave_dust":40,"greekfantasy:snakeskin":8,"forbidden_arcanus:spawner_scrap":44,"minecraft:fire_charge":1,"minecraft:potion":1,"minecraft:iron_leggings":9,"minecraft:mossy_cobblestone_stairs":1,"minecraft:chainmail_leggings":2,"minecraft:string":10,"minecraft:music_disc_cat":1,"tconstruct:earth_congealed_slime":1,"minecraft:chiseled_sandstone":3,"minecraft:polished_diorite":4,"forbidden_arcanus:edelwood_water_bucket":1,"greekfantasy:horn":1,"minecraft:chicken":1,"minecraft:iron_boots":7,"minecraft:damaged_anvil":1,"minecraft:nether_bricks":16,"minecraft:flint_and_steel":1,"minecraft:filled_map":1,"minecraft:diamond_sword":2,"minecraft:potato":1,"minecraft:polished_granite_stairs":1,"tconstruct:earth_slime_sling":2,"minecraft:hay_block":14,"minecraft:shield":5,"minecraft:orange_terracotta":3,"minecraft:iron_chestplate":8,"tconstruct:travelers_boots":1,"minecraft:mossy_stone_bricks":8,"minecraft:golden_leggings":1,"minecraft:spider_eye":6,"minecraft:stone_bricks":3,"tombstone:essence_of_undeath":1,"minecraft:slime_ball":14,"minecraft:sandstone":15,"greekfantasy:snake_fang":2,"minecraft:bow":9,"minecraft:stone_pickaxe":2,"minecraft:wooden_pickaxe":2,"epicfight:skillbook":7},"minecraft:killed":{"tconstruct:earth_slime":20,"minecraft:cave_spider":11,"minecraft:spider":7,"tconstruct:sky_slime":8,"minecraft:skeleton":95,"minecraft:silverfish":6,"alexsmobs:centipede_head":1,"minecraft:piglin_brute":7,"minecraft:pig":1,"minecraft:iron_golem":2,"minecraft:sheep":12,"minecraft:zombie":163,"greekfantasy:cyclopes":1,"minecraft:stray":9,"greekfantasy:drakaina":1,"minecraft:cow":11,"greekfantasy:shade":19,"minecraft:husk":6,"alexsmobs:guster":1,"majruszs_difficulty:creeperling":5,"greekfantasy:empusa":1,"greekfantasy:minotaur":4,"iceandfire:ghost":4,"greekfantasy:gorgon":2,"minecraft:wither_skeleton":23},"minecraft:mined":{"minecraft:stone_pressure_plate":1,"minecraft:red_nether_bricks":2,"minecraft:acacia_log":8,"minecraft:grass_block":8,"tconstruct:earth_slime_tall_grass":1,"iceandfire:lectern":1,"minecraft:oak_pressure_plate":1,"minecraft:coal_block":1,"minecraft:polished_diorite":7,"minecraft:spawner":59,"minecraft:mossy_cobblestone_stairs":1,"minecraft:iron_ore":55,"minecraft:fire":31,"minecraft:anvil":2,"minecraft:nether_brick_stairs":12,"minecraft:enchanting_table":1,"minecraft:iron_bars":41,"minecraft:orange_bed":5,"minecraft:cut_sandstone":7,"minecraft:melon_stem":1,"minecraft:soul_fire":2,"minecraft:orange_terracotta":1,"minecraft:torch":10,"minecraft:poppy":1,"minecraft:melon":2,"minecraft:cobblestone":19,"minecraft:oak_planks":11,"minecraft:damaged_anvil":3,"minecraft:wall_torch":30,"greekfantasy:limestone":1,"byg:soapstone":1,"minecraft:wheat":20,"minecraft:stone_brick_stairs":1,"minecraft:grass":17,"minecraft:beetroots":1,"minecraft:sand":6,"minecraft:dirt":15,"minecraft:netherrack":6,"minecraft:mossy_cobblestone":8,"minecraft:nether_bricks":146,"minecraft:sandstone":28,"minecraft:large_fern":1,"minecraft:hay_block":94,"minecraft:furnace":1,"minecraft:carrots":4,"iceandfire:copper_ore":2,"minecraft:chiseled_sandstone":2,"minecraft:andesite":6,"minecraft:gold_block":2,"greekfantasy:marble":4,"minecraft:mossy_stone_brick_stairs":1,"minecraft:bookshelf":8,"minecraft:vine":19,"minecraft:stone":268,"tconstruct:earth_congealed_slime":56,"tconstruct:copper_ore":2,"minecraft:acacia_leaves":1,"minecraft:glass_pane":1,"minecraft:soul_sand":1,"minecraft:infested_stone_bricks":1,"minecraft:crafting_table":9,"byg:pine_crafting_table":14,"minecraft:tall_grass":1,"minecraft:diorite":10,"byg:scoria_stone":1,"forbidden_arcanus:xpetrified_ore":2,"byg:pine_log":3,"minecraft:end_rod":1,"minecraft:gravel":2,"minecraft:cobweb":6,"minecraft:cracked_stone_bricks":18,"minecraft:mossy_stone_bricks":20,"minecraft:chipped_anvil":1},"minecraft:broken":{"minecraft:diamond_helmet":2,"minecraft:iron_boots":1,"minecraft:golden_leggings":1,"minecraft:diamond_boots":1,"minecraft:diamond_leggings":1,"minecraft:iron_pickaxe":1,"minecraft:iron_helmet":3},"minecraft:used":{"minecraft:shield":51,"minecraft:iron_sword":420,"minecraft:nether_bricks":97,"minecraft:honey_bottle":10,"minecraft:lava_bucket":30,"minecraft:magma_block":1,"minecraft:bow":37,"minecraft:furnace":2,"minecraft:egg":1,"forbidden_arcanus:edelwood_bucket":1,"greekfantasy:marble":1,"epicfight:skillbook":14,"minecraft:mossy_stone_bricks":71,"minecraft:diorite":4,"minecraft:end_rod":1,"minecraft:damaged_anvil":2,"minecraft:stone_pickaxe":130,"minecraft:oak_planks":84,"minecraft:ender_pearl":1,"minecraft:wooden_pickaxe":8,"minecraft:sandstone":20,"minecraft:diamond_axe":18,"minecraft:golden_apple":18,"minecraft:sand":2,"minecraft:bread":256,"tombstone:grave_key":5,"minecraft:gravel":3,"minecraft:diamond_sword":1315,"minecraft:experience_bottle":52,"minecraft:cobweb":5,"minecraft:iron_bars":19,"minecraft:netherrack":6,"minecraft:orange_bed":5,"minecraft:torch":264,"minecraft:dirt":30,"minecraft:anvil":2,"minecraft:polished_diorite":5,"minecraft:wooden_axe":15,"minecraft:chipped_anvil":1,"minecraft:golden_carrot":11,"tombstone:gift":1,"minecraft:cooked_beef":8,"minecraft:wheat_seeds":2,"minecraft:water_bucket":13,"minecraft:glass_bottle":1,"minecraft:red_nether_bricks":1,"byg:pine_crafting_table":14,"minecraft:cracked_stone_bricks":85,"forbidden_arcanus:edelwood_water_bucket":1,"minecraft:mossy_cobblestone":1,"minecraft:music_disc_cat":1,"minecraft:crafting_table":10,"minecraft:cod":10,"minecraft:diamond_shovel":19,"minecraft:iron_pickaxe":645,"minecraft:stone_axe":58,"minecraft:potion":5,"minecraft:cobblestone":241,"minecraft:bucket":43},"minecraft:picked_up":{"minecraft:iron_chestplate":6,"minecraft:wheat":596,"minecraft:chainmail_boots":1,"minecraft:anvil":2,"iceandfire:copper_ore":2,"minecraft:diamond_sword":3,"minecraft:stone_brick_stairs":1,"greekfantasy:horn":3,"minecraft:music_disc_cat":2,"forbidden_arcanus:xpetrified_orb":2,"silentgear:sinew":7,"minecraft:string":28,"minecraft:red_nether_bricks":4,"minecraft:iron_leggings":8,"byg:pine_log":3,"minecraft:diamond_leggings":1,"minecraft:gold_nugget":14,"minecraft:melon_slice":9,"minecraft:coal_block":30,"minecraft:furnace":1,"minecraft:iron_boots":5,"minecraft:tipped_arrow":3,"minecraft:stick":15,"minecraft:torch":96,"minecraft:acacia_log":8,"epicfight:skillbook":12,"minecraft:porkchop":3,"tombstone:grave_dust":45,"minecraft:diorite":8,"minecraft:golden_chestplate":4,"minecraft:orange_bed":5,"minecraft:rotten_flesh":188,"minecraft:end_rod":1,"minecraft:iron_bars":42,"minecraft:cobblestone":347,"minecraft:enchanting_table":1,"minecraft:magma_block":1,"minecraft:leather_chestplate":3,"minecraft:feather":2,"minecraft:golden_leggings":3,"minecraft:potato":2,"paraglider:spirit_orb":188,"minecraft:flint":1,"forbidden_arcanus:edelwood_water_bucket":1,"minecraft:dirt":49,"minecraft:leather_boots":3,"minecraft:bone":146,"minecraft:chipped_anvil":1,"minecraft:bow":10,"minecraft:wheat_seeds":20,"minecraft:mossy_stone_bricks":16,"minecraft:diamond_helmet":4,"minecraft:oak_planks":10,"minecraft:oak_pressure_plate":1,"greekfantasy:snakeskin":8,"minecraft:sand":15,"minecraft:nether_brick_stairs":29,"minecraft:chiseled_sandstone":3,"minecraft:mossy_cobblestone":10,"iceandfire:lectern":1,"minecraft:granite":2,"minecraft:golden_apple":18,"byg:pine_crafting_table":14,"minecraft:chainmail_helmet":5,"minecraft:netherrack":7,"minecraft:fishing_rod":1,"iceandfire:dragon_skull_lightning":2,"minecraft:crafting_table":9,"byg:soapstone":1,"iceandfire:witherbone":10,"minecraft:chicken":1,"minecraft:leather_leggings":3,"minecraft:wooden_pickaxe":1,"minecraft:gold_block":4,"minecraft:shield":5,"minecraft:iron_shovel":2,"minecraft:cracked_stone_bricks":19,"greekfantasy:limestone":6,"minecraft:beef":23,"tconstruct:earth_slime_sling":2,"minecraft:poppy":1,"minecraft:egg":2,"minecraft:sandstone":36,"iceandfire:dragonbone":30,"greekfantasy:styxian_shard":1,"minecraft:carrot":6,"minecraft:stone_pressure_plate":1,"minecraft:polished_granite_stairs":1,"tconstruct:sky_slime_ball":4,"minecraft:arrow":100,"minecraft:diamond_chestplate":1,"minecraft:beetroot_seeds":1,"minecraft:nether_bricks":150,"greekfantasy:marble":1,"minecraft:hay_block":108,"tombstone:essence_of_undeath":2,"minecraft:mutton":17,"forbidden_arcanus:spawner_scrap":47,"minecraft:white_wool":12,"minecraft:cut_sandstone":8,"minecraft:leather":16,"minecraft:filled_map":1,"minecraft:oak_log":5,"minecraft:chainmail_chestplate":1,"minecraft:golden_boots":1,"minecraft:nether_wart_block":1,"minecraft:gunpowder":2,"minecraft:orange_terracotta":3,"byg:scoria_cobblestone":1,"greekfantasy:snake_fang":1,"minecraft:iron_ingot":22,"minecraft:iron_ore":57,"minecraft:glass_bottle":3,"minecraft:iron_sword":4,"minecraft:soul_sand":2,"minecraft:book":24,"tconstruct:copper_ore":2,"minecraft:gravel":4,"minecraft:spider_eye":6,"minecraft:leather_helmet":3,"minecraft:diamond_shovel":3,"minecraft:slime_ball":248,"minecraft:polished_diorite":9,"minecraft:stone_axe":1,"minecraft:chainmail_leggings":3,"minecraft:iron_helmet":5,"minecraft:diamond_axe":3,"minecraft:mossy_cobblestone_stairs":1,"tombstone:magic_scroll":3,"minecraft:damaged_anvil":3,"minecraft:melon_seeds":2,"minecraft:coal":14,"minecraft:ender_pearl":1},"minecraft:custom":{"minecraft:interact_with_crafting_table":57,"minecraft:open_barrel":8,"minecraft:eat_cake_slice":4,"minecraft:leave_game":12,"minecraft:time_since_death":32835,"minecraft:damage_resisted":225,"minecraft:sprint_one_cm":1496247,"minecraft:damage_blocked_by_shield":2256,"minecraft:drop":569,"minecraft:play_noteblock":1,"minecraft:talked_to_villager":1,"minecraft:deaths":34,"minecraft:jump":6579,"minecraft:walk_on_water_one_cm":76655,"minecraft:interact_with_furnace":20,"minecraft:play_record":1,"minecraft:play_one_minute":437655,"minecraft:sleep_in_bed":7,"tombstone:sneak_grave":3,"minecraft:damage_dealt":70576,"minecraft:crouch_one_cm":50771,"tombstone:undead_killed":319,"minecraft:interact_with_anvil":15,"minecraft:mob_kills":426,"minecraft:climb_one_cm":5313,"minecraft:walk_one_cm":1237285,"minecraft:sneak_time":20507,"minecraft:walk_under_water_one_cm":25612,"minecraft:tune_noteblock":8,"minecraft:time_since_rest":16310,"minecraft:damage_absorbed":1581,"minecraft:damage_taken":26261,"minecraft:trigger_trapped_chest":1,"minecraft:swim_one_cm":41511,"minecraft:fly_one_cm":2101728,"minecraft:open_chest":296,"minecraft:fall_one_cm":169345}},"DataVersion":2586}