{"stats":{"minecraft:killed_by":{"minecraft:wither_skeleton":5,"minecraft:piglin_brute":3,"minecraft:creeper":2,"minecraft:cave_spider":1,"minecraft:zombie":17,"greekfantasy:minotaur":1,"iceandfire:myrmex_soldier":1,"iceandfire:fire_dragon":1,"minecraft:stray":1,"minecraft:skeleton":4,"greekfantasy:nemean_lion":1},"minecraft:crafted":{"minecraft:oak_planks":56,"byg:pine_planks":12,"packedup:ironbackpack":1,"minecraft:glass":12,"minecraft:iron_boots":3,"tombstone:grave_key":1,"minecraft:chest":3,"packedup:basicbackpack":1,"packedup:diamondbackpack":1,"minecraft:crafting_table":4,"minecraft:wooden_pickaxe":1,"minecraft:iron_helmet":4,"silentgear:blaze_gold_ingot":2,"minecraft:hay_block":27,"minecraft:iron_chestplate":4,"tconstruct:copper_ingot":2,"minecraft:stick":52,"minecraft:iron_ingot":30,"minecraft:iron_pickaxe":2,"minecraft:gold_ingot":18,"tconstruct:travelers_boots":1,"minecraft:coal":54,"minecraft:furnace":5,"minecraft:glass_pane":16,"minecraft:slime_ball":16,"minecraft:stone_pickaxe":1,"tconstruct:earth_congealed_slime":61,"minecraft:wheat":1044,"minecraft:cooked_beef":16,"minecraft:iron_sword":2,"minecraft:stone_axe":1,"minecraft:air":0,"minecraft:bread":279,"tconstruct:earth_slime_sling":2,"minecraft:wooden_axe":1,"minecraft:iron_leggings":2,"byg:pine_crafting_table":1,"minecraft:torch":136,"minecraft:acacia_planks":28,"packedup:goldbackpack":1},"minecraft:dropped":{"minecraft:nether_brick_stairs":26,"minecraft:iron_sword":5,"minecraft:soul_sand":1,"minecraft:porkchop":3,"silentgear:blaze_gold_nugget":1,"minecraft:oak_pressure_plate":1,"minecraft:glass_bottle":12,"minecraft:crafting_table":1,"minecraft:cracked_stone_bricks":5,"silentgear:blueprint_package":1,"minecraft:leather_helmet":3,"paraglider:spirit_orb":82,"minecraft:cod":4,"minecraft:flint":3,"minecraft:dirt":19,"tconstruct:materials_and_you":1,"minecraft:cut_sandstone":4,"minecraft:sand":13,"minecraft:fishing_rod":1,"byg:scoria_cobblestone":1,"minecraft:bone":75,"minecraft:gold_ingot":1,"minecraft:gravel":1,"minecraft:stone_axe":2,"minecraft:iron_nugget":8,"byg:pine_crafting_table":1,"minecraft:golden_chestplate":5,"alexsmobs:animal_dictionary":1,"minecraft:wheat":568,"minecraft:obsidian":2,"greekfantasy:limestone":6,"tombstone:gift":4,"minecraft:rotten_flesh":181,"minecraft:oak_planks":90,"minecraft:diamond_shovel":1,"iceandfire:copper_ore":2,"minecraft:carrot":2,"minecraft:rabbit_foot":1,"minecraft:chainmail_chestplate":1,"minecraft:poppy":2,"minecraft:leather_chestplate":3,"minecraft:tipped_arrow":5,"minecraft:gunpowder":2,"minecraft:melon_seeds":2,"minecraft:leather_boots":4,"minecraft:chainmail_boots":1,"minecraft:leather_leggings":4,"minecraft:iron_ore":2,"minecraft:red_nether_bricks":2,"minecraft:iron_bars":27,"minecraft:arrow":35,"minecraft:stone_brick_stairs":1,"theabyss:guide_book":1,"alexsmobs:lava_bottle":1,"minecraft:egg":1,"minecraft:enchanted_book":1,"minecraft:golden_boots":1,"minecraft:bread":55,"minecraft:wheat_seeds":19,"minecraft:mossy_cobblestone":9,"minecraft:diamond_leggings":1,"minecraft:iron_helmet":8,"minecraft:feather":2,"minecraft:cobblestone":17,"minecraft:granite":3,"minecraft:chainmail_helmet":5,"minecraft:acacia_log":1,"silentgear:sinew":7,"minecraft:coal":10,"minecraft:golden_apple":6,"minecraft:coal_block":1,"minecraft:stick":9,"minecraft:diorite":4,"tombstone:magic_scroll":3,"minecraft:torch":34,"byg:soapstone":2,"minecraft:wooden_axe":1,"greekfantasy:snakeskin":21,"forbidden_arcanus:spawner_scrap":48,"tombstone:grave_dust":44,"minecraft:fire_charge":1,"minecraft:potion":1,"minecraft:iron_leggings":11,"minecraft:mossy_cobblestone_stairs":1,"minecraft:chainmail_leggings":2,"minecraft:string":16,"minecraft:music_disc_cat":1,"tconstruct:earth_congealed_slime":1,"iceandfire:dragon_skull_fire":3,"minecraft:chiseled_sandstone":3,"iceandfire:dragonbone":2,"minecraft:polished_diorite":4,"forbidden_arcanus:edelwood_water_bucket":1,"greekfantasy:horn":1,"minecraft:chicken":2,"minecraft:iron_boots":8,"minecraft:damaged_anvil":1,"minecraft:nether_bricks":16,"minecraft:flint_and_steel":1,"minecraft:filled_map":1,"minecraft:diamond_sword":3,"minecraft:potato":1,"minecraft:polished_granite_stairs":1,"tconstruct:earth_slime_sling":2,"minecraft:hay_block":14,"minecraft:shield":7,"minecraft:orange_terracotta":3,"minecraft:iron_chestplate":10,"tconstruct:travelers_boots":1,"minecraft:mossy_stone_bricks":8,"minecraft:golden_leggings":1,"minecraft:spider_eye":6,"minecraft:stone_bricks":3,"tombstone:essence_of_undeath":1,"minecraft:slime_ball":14,"minecraft:sandstone":15,"greekfantasy:snake_fang":2,"minecraft:bow":10,"minecraft:stone_pickaxe":2,"minecraft:wooden_pickaxe":2,"epicfight:skillbook":9},"minecraft:killed":{"tconstruct:earth_slime":20,"minecraft:cave_spider":11,"minecraft:spider":20,"tconstruct:sky_slime":8,"minecraft:skeleton":105,"minecraft:silverfish":6,"alexsmobs:centipede_head":1,"minecraft:piglin_brute":7,"minecraft:pig":1,"minecraft:iron_golem":2,"minecraft:sheep":12,"minecraft:zombie":181,"greekfantasy:cyclopes":1,"minecraft:stray":11,"greekfantasy:drakaina":2,"minecraft:cow":11,"greekfantasy:shade":20,"minecraft:husk":6,"alexsmobs:guster":1,"majruszs_difficulty:creeperling":5,"greekfantasy:empusa":1,"greekfantasy:minotaur":4,"iceandfire:ghost":4,"greekfantasy:gorgon":3,"minecraft:wither_skeleton":29},"minecraft:mined":{"minecraft:stone_pressure_plate":1,"minecraft:red_nether_bricks":3,"minecraft:acacia_log":8,"tconstruct:earth_slime_tall_grass":1,"minecraft:grass_block":8,"iceandfire:lectern":1,"minecraft:oak_pressure_plate":1,"minecraft:coal_block":1,"minecraft:polished_diorite":7,"minecraft:spawner":73,"minecraft:mossy_cobblestone_stairs":1,"minecraft:iron_ore":62,"minecraft:fire":31,"minecraft:anvil":2,"minecraft:nether_brick_stairs":12,"minecraft:enchanting_table":1,"minecraft:iron_bars":55,"minecraft:orange_bed":5,"minecraft:cut_sandstone":8,"minecraft:melon_stem":1,"minecraft:soul_fire":3,"minecraft:orange_terracotta":1,"minecraft:torch":12,"minecraft:poppy":1,"minecraft:melon":2,"minecraft:cobblestone":19,"minecraft:damaged_anvil":3,"minecraft:oak_planks":11,"minecraft:wall_torch":38,"greekfantasy:limestone":1,"byg:soapstone":3,"minecraft:wheat":20,"minecraft:stone_brick_stairs":1,"minecraft:grass":17,"minecraft:oak_log":8,"minecraft:beetroots":1,"minecraft:sand":37,"minecraft:dirt":15,"minecraft:netherrack":6,"minecraft:oak_leaves":1,"minecraft:diamond_ore":3,"minecraft:mossy_cobblestone":8,"minecraft:nether_bricks":147,"minecraft:sandstone":30,"minecraft:large_fern":1,"minecraft:hay_block":94,"minecraft:furnace":1,"minecraft:carrots":4,"iceandfire:copper_ore":2,"minecraft:chiseled_sandstone":3,"minecraft:andesite":6,"greekfantasy:marble":4,"minecraft:gold_block":2,"minecraft:mossy_stone_brick_stairs":1,"minecraft:bookshelf":8,"minecraft:vine":19,"minecraft:stone":296,"tconstruct:earth_congealed_slime":56,"tconstruct:copper_ore":2,"minecraft:acacia_leaves":1,"minecraft:redstone_block":4,"minecraft:glass_pane":1,"minecraft:soul_sand":1,"minecraft:infested_stone_bricks":1,"minecraft:crafting_table":11,"minecraft:oak_wood":4,"byg:pine_crafting_table":14,"minecraft:tall_grass":1,"minecraft:diorite":11,"byg:scoria_stone":1,"forbidden_arcanus:xpetrified_ore":2,"byg:pine_log":3,"minecraft:end_rod":1,"minecraft:gravel":2,"minecraft:cobweb":6,"minecraft:cracked_stone_bricks":18,"minecraft:mossy_stone_bricks":20,"minecraft:chipped_anvil":1},"minecraft:broken":{"minecraft:diamond_helmet":3,"minecraft:iron_boots":1,"minecraft:golden_leggings":1,"minecraft:diamond_boots":1,"minecraft:diamond_leggings":1,"minecraft:iron_pickaxe":1,"minecraft:iron_helmet":3},"minecraft:used":{"minecraft:chest":2,"minecraft:shield":51,"minecraft:iron_sword":420,"minecraft:nether_bricks":122,"minecraft:honey_bottle":10,"minecraft:lava_bucket":30,"minecraft:magma_block":1,"minecraft:bow":37,"minecraft:furnace":5,"minecraft:egg":1,"forbidden_arcanus:edelwood_bucket":1,"greekfantasy:marble":1,"epicfight:skillbook":14,"minecraft:mossy_stone_bricks":71,"minecraft:diorite":5,"minecraft:end_rod":1,"minecraft:damaged_anvil":2,"minecraft:stone_pickaxe":130,"minecraft:oak_planks":84,"minecraft:ender_pearl":1,"minecraft:wooden_pickaxe":8,"minecraft:sandstone":21,"minecraft:diamond_axe":33,"minecraft:golden_apple":24,"minecraft:sand":2,"minecraft:chiseled_sandstone":1,"minecraft:bread":291,"tombstone:grave_key":5,"minecraft:gravel":3,"minecraft:diamond_sword":1517,"minecraft:cobweb":5,"minecraft:experience_bottle":52,"minecraft:iron_bars":26,"minecraft:netherrack":6,"minecraft:orange_bed":5,"minecraft:torch":293,"minecraft:dirt":30,"minecraft:anvil":2,"minecraft:polished_diorite":5,"minecraft:wooden_axe":15,"minecraft:chipped_anvil":1,"minecraft:golden_carrot":11,"tombstone:gift":1,"minecraft:cooked_beef":26,"minecraft:wheat_seeds":2,"minecraft:water_bucket":22,"minecraft:glass_bottle":1,"minecraft:red_nether_bricks":1,"minecraft:cut_sandstone":1,"byg:pine_crafting_table":14,"minecraft:cracked_stone_bricks":85,"forbidden_arcanus:edelwood_water_bucket":1,"minecraft:mossy_cobblestone":1,"minecraft:music_disc_cat":1,"minecraft:crafting_table":13,"minecraft:cod":10,"minecraft:diamond_pickaxe":46,"minecraft:diamond_shovel":50,"minecraft:iron_pickaxe":680,"byg:soapstone":1,"minecraft:stone_axe":58,"minecraft:potion":5,"minecraft:cobblestone":241,"minecraft:bucket":52},"minecraft:picked_up":{"minecraft:iron_chestplate":7,"minecraft:wheat":596,"minecraft:redstone_block":4,"minecraft:chainmail_boots":1,"minecraft:anvil":2,"iceandfire:copper_ore":2,"minecraft:diamond_sword":3,"minecraft:stone_brick_stairs":1,"greekfantasy:horn":3,"forbidden_arcanus:xpetrified_orb":2,"minecraft:music_disc_cat":2,"silentgear:sinew":7,"minecraft:string":42,"minecraft:red_nether_bricks":5,"minecraft:iron_leggings":8,"byg:pine_log":3,"minecraft:diamond_leggings":1,"minecraft:gold_nugget":14,"minecraft:melon_slice":9,"minecraft:coal_block":30,"minecraft:iron_boots":5,"minecraft:furnace":1,"minecraft:tipped_arrow":7,"minecraft:stick":15,"minecraft:torch":160,"minecraft:acacia_log":8,"epicfight:skillbook":14,"minecraft:porkchop":3,"tombstone:grave_dust":53,"minecraft:diorite":9,"minecraft:golden_chestplate":6,"minecraft:orange_bed":5,"minecraft:rotten_flesh":207,"minecraft:end_rod":1,"minecraft:iron_bars":56,"minecraft:cobblestone":375,"minecraft:enchanting_table":1,"minecraft:magma_block":1,"minecraft:leather_chestplate":3,"minecraft:feather":2,"minecraft:golden_leggings":3,"minecraft:potato":2,"paraglider:spirit_orb":222,"minecraft:flint":1,"forbidden_arcanus:edelwood_water_bucket":1,"minecraft:dirt":49,"minecraft:leather_boots":3,"minecraft:bone":163,"minecraft:chipped_anvil":1,"minecraft:bow":11,"minecraft:wheat_seeds":32,"minecraft:mossy_stone_bricks":16,"minecraft:diamond_helmet":4,"minecraft:oak_planks":94,"minecraft:oak_pressure_plate":1,"greekfantasy:snakeskin":21,"iceandfire:dragon_skull_fire":5,"minecraft:sand":46,"minecraft:nether_brick_stairs":29,"minecraft:chiseled_sandstone":4,"minecraft:mossy_cobblestone":10,"minecraft:diamond":4,"iceandfire:lectern":1,"minecraft:granite":2,"minecraft:golden_apple":22,"byg:pine_crafting_table":14,"minecraft:bread":22,"minecraft:chainmail_helmet":6,"minecraft:netherrack":7,"minecraft:fishing_rod":1,"iceandfire:dragon_skull_lightning":2,"minecraft:crafting_table":13,"byg:soapstone":3,"iceandfire:witherbone":11,"minecraft:chicken":2,"minecraft:leather_leggings":4,"minecraft:wooden_pickaxe":1,"minecraft:gold_block":4,"minecraft:shield":7,"minecraft:iron_axe":1,"minecraft:iron_shovel":2,"minecraft:cracked_stone_bricks":19,"greekfantasy:limestone":6,"minecraft:beef":23,"tconstruct:earth_slime_sling":2,"minecraft:poppy":1,"minecraft:egg":2,"minecraft:sandstone":37,"iceandfire:dragonbone":65,"greekfantasy:styxian_shard":1,"minecraft:carrot":6,"minecraft:stone_pressure_plate":1,"minecraft:polished_granite_stairs":1,"tconstruct:sky_slime_ball":4,"minecraft:arrow":117,"minecraft:diamond_chestplate":2,"minecraft:beetroot_seeds":1,"minecraft:nether_bricks":151,"greekfantasy:marble":1,"minecraft:hay_block":108,"tombstone:essence_of_undeath":2,"minecraft:mutton":17,"forbidden_arcanus:spawner_scrap":56,"minecraft:white_wool":12,"minecraft:cut_sandstone":9,"minecraft:leather":18,"minecraft:filled_map":1,"minecraft:oak_log":10,"minecraft:chainmail_chestplate":1,"minecraft:golden_boots":1,"minecraft:nether_wart_block":1,"minecraft:gunpowder":2,"minecraft:orange_terracotta":3,"byg:scoria_cobblestone":1,"greekfantasy:snake_fang":1,"minecraft:iron_ingot":22,"minecraft:iron_ore":72,"minecraft:glass_bottle":3,"minecraft:iron_sword":4,"minecraft:soul_sand":2,"minecraft:book":24,"tconstruct:copper_ore":2,"minecraft:gravel":4,"minecraft:spider_eye":7,"minecraft:leather_helmet":4,"minecraft:oak_wood":4,"minecraft:diamond_shovel":3,"minecraft:slime_ball":248,"minecraft:polished_diorite":9,"minecraft:stone_axe":1,"minecraft:chainmail_leggings":3,"minecraft:iron_helmet":6,"minecraft:diamond_axe":3,"minecraft:mossy_cobblestone_stairs":1,"tombstone:magic_scroll":3,"minecraft:damaged_anvil":3,"minecraft:melon_seeds":2,"minecraft:coal":16,"minecraft:ender_pearl":1},"minecraft:custom":{"minecraft:interact_with_crafting_table":68,"minecraft:open_barrel":8,"minecraft:eat_cake_slice":10,"minecraft:leave_game":13,"minecraft:time_since_death":26638,"minecraft:damage_resisted":225,"minecraft:sprint_one_cm":1671975,"minecraft:damage_blocked_by_shield":2256,"minecraft:drop":675,"minecraft:play_noteblock":1,"minecraft:talked_to_villager":1,"minecraft:deaths":37,"minecraft:jump":7089,"minecraft:walk_on_water_one_cm":98747,"minecraft:interact_with_furnace":39,"minecraft:play_record":1,"minecraft:play_one_minute":496505,"minecraft:sleep_in_bed":7,"tombstone:sneak_grave":3,"minecraft:damage_dealt":80317,"minecraft:crouch_one_cm":56657,"tombstone:undead_killed":356,"minecraft:interact_with_anvil":15,"minecraft:mob_kills":479,"minecraft:climb_one_cm":8870,"minecraft:walk_one_cm":1400017,"minecraft:sneak_time":22341,"minecraft:walk_under_water_one_cm":27271,"minecraft:tune_noteblock":8,"minecraft:time_since_rest":24991,"minecraft:damage_absorbed":1796,"minecraft:damage_taken":32345,"minecraft:trigger_trapped_chest":1,"minecraft:swim_one_cm":41731,"minecraft:fly_one_cm":2365605,"minecraft:open_chest":349,"minecraft:fall_one_cm":192811}},"DataVersion":2586}