{"stats":{"minecraft:dropped":{"minecraft:nether_brick_stairs":26,"minecraft:golden_boots":1,"minecraft:iron_sword":4,"minecraft:porkchop":3,"minecraft:wheat_seeds":18,"minecraft:oak_pressure_plate":1,"minecraft:glass_bottle":9,"minecraft:crafting_table":1,"minecraft:iron_helmet":2,"minecraft:feather":2,"minecraft:cobblestone":8,"minecraft:granite":3,"minecraft:coal":3,"minecraft:cod":4,"minecraft:acacia_log":1,"silentgear:sinew":7,"minecraft:chainmail_helmet":3,"minecraft:leather_helmet":2,"paraglider:spirit_orb":16,"silentgear:blueprint_package":1,"minecraft:flint":2,"minecraft:stick":1,"minecraft:dirt":15,"tconstruct:materials_and_you":1,"tombstone:magic_scroll":2,"minecraft:wooden_axe":1,"forbidden_arcanus:spawner_scrap":36,"greekfantasy:snakeskin":8,"minecraft:fire_charge":1,"tombstone:grave_dust":11,"minecraft:iron_leggings":6,"minecraft:sand":5,"minecraft:chainmail_leggings":1,"minecraft:string":1,"minecraft:fishing_rod":1,"minecraft:bone":11,"minecraft:stone_axe":2,"minecraft:iron_nugget":8,"alexsmobs:animal_dictionary":1,"minecraft:obsidian":2,"minecraft:wheat":12,"tombstone:gift":3,"greekfantasy:limestone":6,"minecraft:chicken":1,"minecraft:rotten_flesh":112,"minecraft:oak_planks":6,"minecraft:iron_boots":5,"minecraft:nether_bricks":10,"minecraft:carrot":1,"iceandfire:copper_ore":2,"minecraft:flint_and_steel":1,"minecraft:rabbit_foot":1,"minecraft:chainmail_chestplate":1,"minecraft:diamond_sword":1,"minecraft:poppy":1,"minecraft:leather_chestplate":3,"minecraft:polished_granite_stairs":1,"minecraft:shield":1,"tombstone:essence_of_undeath":1,"minecraft:iron_chestplate":3,"tconstruct:travelers_boots":1,"minecraft:melon_seeds":2,"minecraft:iron_ore":2,"minecraft:leather_boots":1,"minecraft:leather_leggings":2,"minecraft:spider_eye":1,"minecraft:stone_bricks":3,"minecraft:slime_ball":1,"greekfantasy:snake_fang":2,"minecraft:iron_bars":9,"minecraft:arrow":13,"minecraft:bow":1,"minecraft:stone_pickaxe":2,"minecraft:wooden_pickaxe":2,"epicfight:skillbook":6,"theabyss:guide_book":1,"minecraft:egg":1},"minecraft:killed":{"tconstruct:earth_slime":20,"greekfantasy:shade":18,"minecraft:cave_spider":4,"minecraft:spider":2,"minecraft:skeleton":20,"minecraft:silverfish":6,"alexsmobs:centipede_head":1,"minecraft:piglin_brute":7,"minecraft:husk":1,"alexsmobs:guster":1,"majruszs_difficulty:creeperling":2,"minecraft:pig":1,"greekfantasy:minotaur":2,"minecraft:sheep":12,"minecraft:zombie":95,"greekfantasy:cyclopes":1,"minecraft:stray":3,"greekfantasy:drakaina":1,"minecraft:wither_skeleton":7,"minecraft:cow":11},"minecraft:custom":{"minecraft:interact_with_anvil":10,"minecraft:mob_kills":219,"minecraft:interact_with_crafting_table":43,"minecraft:open_barrel":8,"minecraft:eat_cake_slice":4,"minecraft:leave_game":4,"minecraft:time_since_death":24966,"minecraft:damage_resisted":151,"minecraft:climb_one_cm":2816,"minecraft:sprint_one_cm":949291,"minecraft:walk_one_cm":689377,"minecraft:damage_blocked_by_shield":1336,"minecraft:drop":258,"minecraft:talked_to_villager":1,"minecraft:deaths":30,"minecraft:sneak_time":9683,"minecraft:walk_under_water_one_cm":17820,"minecraft:jump":3935,"minecraft:walk_on_water_one_cm":67284,"minecraft:interact_with_furnace":20,"minecraft:play_one_minute":260339,"minecraft:sleep_in_bed":4,"minecraft:time_since_rest":24390,"minecraft:damage_absorbed":980,"minecraft:damage_taken":14914,"tombstone:sneak_grave":3,"minecraft:damage_dealt":37451,"minecraft:swim_one_cm":21675,"minecraft:fly_one_cm":1124660,"minecraft:open_chest":144,"minecraft:crouch_one_cm":26788,"tombstone:undead_killed":144,"minecraft:fall_one_cm":92174},"minecraft:used":{"minecraft:iron_bars":7,"minecraft:shield":34,"minecraft:iron_sword":420,"minecraft:orange_bed":5,"minecraft:torch":123,"minecraft:dirt":23,"minecraft:anvil":2,"minecraft:polished_diorite":5,"minecraft:honey_bottle":10,"minecraft:wooden_axe":15,"minecraft:lava_bucket":13,"minecraft:magma_block":1,"minecraft:golden_carrot":9,"minecraft:furnace":2,"tombstone:gift":1,"minecraft:egg":1,"minecraft:wheat_seeds":2,"minecraft:mossy_stone_bricks":69,"minecraft:water_bucket":11,"epicfight:skillbook":8,"minecraft:diorite":4,"minecraft:end_rod":1,"minecraft:stone_pickaxe":130,"minecraft:oak_planks":15,"minecraft:ender_pearl":1,"minecraft:wooden_pickaxe":8,"minecraft:sandstone":6,"byg:pine_crafting_table":7,"minecraft:cracked_stone_bricks":83,"minecraft:golden_apple":7,"minecraft:sand":2,"minecraft:crafting_table":10,"minecraft:cod":10,"minecraft:bread":120,"minecraft:iron_pickaxe":132,"minecraft:gravel":1,"tombstone:grave_key":4,"minecraft:cobblestone":84,"minecraft:stone_axe":58,"minecraft:potion":2,"minecraft:diamond_sword":583,"minecraft:bucket":24,"minecraft:cobweb":5},"minecraft:broken":{"minecraft:iron_helmet":3},"minecraft:picked_up":{"iceandfire:dragon_skull_lightning":2,"minecraft:fishing_rod":1,"minecraft:iron_chestplate":3,"minecraft:crafting_table":9,"minecraft:leather_leggings":1,"minecraft:chicken":1,"iceandfire:witherbone":3,"minecraft:anvil":2,"iceandfire:copper_ore":2,"minecraft:diamond_sword":3,"minecraft:wooden_pickaxe":1,"minecraft:gold_block":1,"minecraft:shield":1,"greekfantasy:horn":2,"forbidden_arcanus:xpetrified_orb":1,"silentgear:sinew":7,"minecraft:string":17,"minecraft:iron_leggings":4,"minecraft:iron_shovel":1,"byg:pine_log":3,"minecraft:cracked_stone_bricks":12,"minecraft:diamond_leggings":1,"minecraft:gold_nugget":14,"greekfantasy:limestone":6,"minecraft:beef":23,"minecraft:melon_slice":9,"minecraft:iron_boots":3,"minecraft:furnace":1,"minecraft:egg":2,"minecraft:stick":7,"minecraft:sandstone":6,"iceandfire:dragonbone":30,"greekfantasy:styxian_shard":1,"minecraft:torch":34,"minecraft:acacia_log":8,"epicfight:skillbook":8,"minecraft:porkchop":3,"tombstone:grave_dust":16,"minecraft:diorite":4,"minecraft:carrot":5,"minecraft:orange_bed":5,"minecraft:polished_granite_stairs":1,"minecraft:arrow":25,"minecraft:rotten_flesh":121,"minecraft:beetroot_seeds":1,"minecraft:nether_bricks":16,"minecraft:hay_block":94,"tombstone:essence_of_undeath":2,"minecraft:end_rod":1,"minecraft:mutton":17,"minecraft:iron_bars":16,"forbidden_arcanus:spawner_scrap":38,"minecraft:white_wool":12,"minecraft:cobblestone":114,"minecraft:magma_block":1,"minecraft:leather_chestplate":3,"minecraft:feather":2,"minecraft:leather":12,"minecraft:golden_leggings":1,"minecraft:potato":1,"paraglider:spirit_orb":138,"minecraft:chainmail_chestplate":1,"minecraft:oak_log":5,"minecraft:golden_boots":1,"minecraft:dirt":38,"minecraft:chipped_anvil":1,"minecraft:bone":43,"minecraft:bow":1,"greekfantasy:snake_fang":1,"minecraft:wheat_seeds":20,"minecraft:iron_ingot":1,"minecraft:iron_ore":30,"minecraft:mossy_stone_bricks":6,"minecraft:diamond_helmet":2,"minecraft:glass_bottle":2,"minecraft:iron_sword":3,"minecraft:oak_planks":2,"minecraft:book":24,"tconstruct:copper_ore":2,"minecraft:oak_pressure_plate":1,"minecraft:gravel":1,"greekfantasy:snakeskin":8,"minecraft:sand":7,"minecraft:diamond_axe":3,"minecraft:leather_helmet":3,"minecraft:nether_brick_stairs":26,"minecraft:diamond_shovel":2,"minecraft:spider_eye":1,"minecraft:slime_ball":241,"minecraft:polished_diorite":5,"minecraft:stone_axe":1,"iceandfire:lectern":1,"minecraft:chainmail_leggings":3,"minecraft:iron_helmet":4,"minecraft:granite":2,"minecraft:golden_apple":16,"byg:pine_crafting_table":7,"minecraft:chainmail_helmet":4,"tombstone:magic_scroll":2,"minecraft:melon_seeds":2,"minecraft:coal":8},"minecraft:killed_by":{"minecraft:wither_skeleton":5,"minecraft:piglin_brute":3,"minecraft:stray":1,"minecraft:creeper":2,"minecraft:cave_spider":1,"minecraft:skeleton":4,"minecraft:zombie":11,"greekfantasy:minotaur":1,"iceandfire:myrmex_soldier":1,"greekfantasy:nemean_lion":1},"minecraft:crafted":{"minecraft:oak_planks":20,"minecraft:furnace":2,"byg:pine_planks":12,"packedup:ironbackpack":1,"minecraft:iron_boots":2,"minecraft:slime_ball":12,"minecraft:stone_pickaxe":1,"minecraft:chest":1,"packedup:basicbackpack":1,"tconstruct:earth_congealed_slime":61,"minecraft:wheat":270,"minecraft:crafting_table":2,"minecraft:wooden_pickaxe":1,"minecraft:iron_helmet":2,"minecraft:iron_sword":2,"minecraft:stone_axe":1,"minecraft:bread":87,"minecraft:air":0,"tconstruct:earth_slime_sling":1,"minecraft:iron_chestplate":3,"tconstruct:copper_ingot":2,"minecraft:stick":40,"minecraft:iron_ingot":30,"minecraft:iron_pickaxe":1,"minecraft:wooden_axe":1,"minecraft:iron_leggings":2,"minecraft:gold_ingot":9,"byg:pine_crafting_table":1,"minecraft:torch":104,"minecraft:acacia_planks":28,"packedup:goldbackpack":1,"tconstruct:travelers_boots":1},"minecraft:mined":{"minecraft:nether_bricks":11,"minecraft:acacia_log":8,"tconstruct:earth_slime_tall_grass":1,"minecraft:grass_block":4,"iceandfire:lectern":1,"minecraft:oak_pressure_plate":1,"minecraft:polished_diorite":5,"minecraft:sandstone":6,"minecraft:spawner":36,"minecraft:hay_block":94,"minecraft:furnace":1,"minecraft:carrots":4,"iceandfire:copper_ore":2,"minecraft:iron_ore":28,"minecraft:fire":7,"minecraft:anvil":2,"minecraft:nether_brick_stairs":9,"minecraft:gold_block":1,"minecraft:bookshelf":8,"minecraft:vine":13,"minecraft:iron_bars":17,"minecraft:stone":101,"tconstruct:earth_congealed_slime":56,"minecraft:orange_bed":5,"tconstruct:copper_ore":2,"minecraft:glass_pane":1,"minecraft:infested_stone_bricks":1,"minecraft:melon_stem":1,"minecraft:torch":3,"minecraft:crafting_table":9,"minecraft:melon":2,"byg:pine_crafting_table":7,"minecraft:cobblestone":10,"minecraft:diorite":1,"minecraft:wall_torch":14,"forbidden_arcanus:xpetrified_ore":1,"minecraft:wheat":20,"minecraft:gravel":1,"byg:pine_log":3,"minecraft:grass":15,"minecraft:end_rod":1,"minecraft:sand":2,"minecraft:beetroots":1,"minecraft:dirt":3,"minecraft:cobweb":6,"minecraft:cracked_stone_bricks":13,"minecraft:mossy_stone_bricks":8,"minecraft:chipped_anvil":1}},"DataVersion":2586}