{"stats":{"minecraft:dropped":{"minecraft:iron_sword":2,"minecraft:porkchop":3,"minecraft:wheat_seeds":18,"minecraft:oak_pressure_plate":1,"minecraft:glass_bottle":7,"minecraft:crafting_table":1,"minecraft:iron_helmet":2,"minecraft:feather":2,"minecraft:cobblestone":5,"minecraft:granite":3,"minecraft:acacia_log":1,"silentgear:sinew":6,"minecraft:chainmail_helmet":2,"silentgear:blueprint_package":1,"minecraft:flint":1,"minecraft:stick":1,"minecraft:dirt":15,"tconstruct:materials_and_you":1,"tombstone:magic_scroll":2,"minecraft:wooden_axe":1,"forbidden_arcanus:spawner_scrap":24,"greekfantasy:snakeskin":8,"minecraft:fire_charge":1,"tombstone:grave_dust":5,"minecraft:iron_leggings":1,"minecraft:sand":5,"minecraft:string":1,"minecraft:fishing_rod":1,"minecraft:bone":9,"minecraft:stone_axe":2,"minecraft:iron_nugget":8,"alexsmobs:animal_dictionary":1,"minecraft:wheat":12,"tombstone:gift":3,"greekfantasy:limestone":6,"minecraft:chicken":1,"minecraft:rotten_flesh":43,"minecraft:oak_planks":6,"minecraft:iron_boots":2,"iceandfire:copper_ore":2,"minecraft:rabbit_foot":1,"minecraft:diamond_sword":1,"minecraft:poppy":1,"minecraft:leather_chestplate":2,"minecraft:polished_granite_stairs":1,"tconstruct:travelers_boots":1,"minecraft:melon_seeds":2,"minecraft:iron_ore":2,"minecraft:leather_boots":1,"minecraft:leather_leggings":1,"minecraft:spider_eye":1,"minecraft:stone_bricks":3,"minecraft:slime_ball":1,"greekfantasy:snake_fang":2,"minecraft:iron_bars":6,"minecraft:arrow":2,"minecraft:bow":1,"minecraft:stone_pickaxe":2,"minecraft:wooden_pickaxe":2,"theabyss:guide_book":1,"minecraft:egg":1},"minecraft:killed":{"tconstruct:earth_slime":20,"greekfantasy:shade":13,"minecraft:cave_spider":3,"minecraft:spider":2,"minecraft:skeleton":13,"minecraft:silverfish":6,"minecraft:piglin_brute":7,"minecraft:husk":1,"alexsmobs:guster":1,"minecraft:pig":1,"greekfantasy:minotaur":2,"minecraft:sheep":12,"minecraft:zombie":41,"greekfantasy:cyclopes":1,"minecraft:stray":3,"greekfantasy:drakaina":1,"minecraft:wither_skeleton":7,"minecraft:cow":11},"minecraft:custom":{"minecraft:interact_with_anvil":6,"minecraft:mob_kills":148,"minecraft:interact_with_crafting_table":39,"minecraft:open_barrel":8,"minecraft:eat_cake_slice":4,"minecraft:leave_game":4,"minecraft:time_since_death":74,"minecraft:damage_resisted":43,"minecraft:climb_one_cm":2816,"minecraft:sprint_one_cm":748678,"minecraft:walk_one_cm":516540,"minecraft:damage_blocked_by_shield":1096,"minecraft:drop":160,"minecraft:talked_to_villager":1,"minecraft:deaths":23,"minecraft:sneak_time":6346,"minecraft:walk_under_water_one_cm":15170,"minecraft:jump":3603,"minecraft:walk_on_water_one_cm":60524,"minecraft:interact_with_furnace":20,"minecraft:play_one_minute":212339,"minecraft:sleep_in_bed":4,"minecraft:time_since_rest":1,"minecraft:damage_absorbed":605,"minecraft:damage_taken":11529,"tombstone:sneak_grave":3,"minecraft:damage_dealt":24345,"minecraft:swim_one_cm":20712,"minecraft:fly_one_cm":1071407,"minecraft:open_chest":123,"minecraft:crouch_one_cm":18429,"tombstone:undead_killed":78,"minecraft:fall_one_cm":87873},"minecraft:used":{"minecraft:iron_bars":7,"minecraft:shield":26,"minecraft:iron_sword":420,"minecraft:orange_bed":5,"minecraft:torch":75,"minecraft:dirt":23,"minecraft:anvil":1,"minecraft:polished_diorite":5,"minecraft:honey_bottle":10,"minecraft:wooden_axe":15,"minecraft:lava_bucket":2,"minecraft:golden_carrot":6,"minecraft:furnace":2,"tombstone:gift":1,"minecraft:egg":1,"minecraft:wheat_seeds":2,"minecraft:mossy_stone_bricks":4,"minecraft:water_bucket":11,"epicfight:skillbook":5,"minecraft:diorite":4,"minecraft:end_rod":1,"minecraft:stone_pickaxe":130,"minecraft:ender_pearl":1,"minecraft:wooden_pickaxe":8,"minecraft:sandstone":6,"byg:pine_crafting_table":5,"minecraft:cracked_stone_bricks":33,"minecraft:golden_apple":5,"minecraft:sand":2,"minecraft:crafting_table":10,"minecraft:cod":10,"minecraft:bread":99,"minecraft:iron_pickaxe":85,"tombstone:grave_key":4,"minecraft:cobblestone":21,"minecraft:stone_axe":58,"minecraft:potion":1,"minecraft:diamond_sword":138,"minecraft:bucket":13,"minecraft:cobweb":5},"minecraft:broken":{"minecraft:iron_helmet":1},"minecraft:picked_up":{"iceandfire:dragon_skull_lightning":2,"minecraft:fishing_rod":1,"minecraft:iron_chestplate":1,"minecraft:crafting_table":9,"minecraft:chicken":1,"iceandfire:witherbone":3,"minecraft:anvil":2,"iceandfire:copper_ore":2,"minecraft:wooden_pickaxe":1,"minecraft:gold_block":1,"greekfantasy:horn":2,"silentgear:sinew":7,"minecraft:string":17,"minecraft:iron_shovel":1,"byg:pine_log":3,"minecraft:cracked_stone_bricks":8,"minecraft:diamond_leggings":1,"minecraft:gold_nugget":14,"greekfantasy:limestone":6,"minecraft:beef":23,"minecraft:melon_slice":9,"minecraft:iron_boots":1,"minecraft:furnace":1,"minecraft:egg":2,"minecraft:stick":7,"minecraft:sandstone":6,"iceandfire:dragonbone":30,"greekfantasy:styxian_shard":1,"minecraft:torch":30,"minecraft:acacia_log":8,"epicfight:skillbook":2,"minecraft:porkchop":3,"tombstone:grave_dust":10,"minecraft:diorite":4,"minecraft:carrot":4,"minecraft:orange_bed":5,"minecraft:polished_granite_stairs":1,"minecraft:arrow":18,"minecraft:rotten_flesh":49,"minecraft:beetroot_seeds":1,"minecraft:nether_bricks":4,"minecraft:hay_block":94,"minecraft:end_rod":1,"minecraft:mutton":17,"minecraft:iron_bars":13,"forbidden_arcanus:spawner_scrap":28,"minecraft:white_wool":12,"minecraft:cobblestone":108,"minecraft:leather_chestplate":2,"minecraft:feather":2,"minecraft:leather":12,"minecraft:golden_leggings":1,"minecraft:potato":1,"paraglider:spirit_orb":114,"minecraft:oak_log":5,"minecraft:dirt":38,"minecraft:bone":30,"minecraft:bow":1,"greekfantasy:snake_fang":1,"minecraft:wheat_seeds":20,"minecraft:iron_ingot":1,"minecraft:iron_ore":30,"minecraft:mossy_stone_bricks":2,"minecraft:glass_bottle":1,"minecraft:iron_sword":1,"minecraft:oak_planks":2,"minecraft:book":24,"tconstruct:copper_ore":2,"minecraft:oak_pressure_plate":1,"greekfantasy:snakeskin":8,"minecraft:sand":7,"minecraft:diamond_shovel":1,"minecraft:spider_eye":1,"minecraft:slime_ball":241,"minecraft:polished_diorite":5,"minecraft:stone_axe":1,"iceandfire:lectern":1,"minecraft:chainmail_leggings":1,"minecraft:iron_helmet":3,"minecraft:granite":2,"minecraft:golden_apple":16,"byg:pine_crafting_table":5,"minecraft:chainmail_helmet":2,"tombstone:magic_scroll":2,"minecraft:melon_seeds":2,"minecraft:coal":8},"minecraft:crafted":{"minecraft:furnace":2,"byg:pine_planks":12,"packedup:ironbackpack":1,"minecraft:iron_boots":1,"minecraft:slime_ball":12,"minecraft:stone_pickaxe":1,"minecraft:chest":1,"packedup:basicbackpack":1,"tconstruct:earth_congealed_slime":61,"minecraft:wheat":270,"minecraft:crafting_table":2,"minecraft:wooden_pickaxe":1,"minecraft:iron_helmet":1,"minecraft:iron_sword":2,"minecraft:stone_axe":1,"minecraft:bread":87,"minecraft:air":0,"tconstruct:earth_slime_sling":1,"minecraft:iron_chestplate":2,"tconstruct:copper_ingot":2,"minecraft:stick":40,"minecraft:iron_ingot":30,"minecraft:iron_pickaxe":1,"minecraft:wooden_axe":1,"minecraft:iron_leggings":1,"minecraft:gold_ingot":9,"byg:pine_crafting_table":1,"minecraft:torch":76,"minecraft:acacia_planks":28,"packedup:goldbackpack":1,"tconstruct:travelers_boots":1},"minecraft:killed_by":{"minecraft:wither_skeleton":5,"minecraft:piglin_brute":3,"minecraft:stray":1,"minecraft:creeper":2,"minecraft:cave_spider":1,"minecraft:skeleton":3,"minecraft:zombie":6,"iceandfire:myrmex_soldier":1,"greekfantasy:nemean_lion":1},"minecraft:mined":{"minecraft:nether_bricks":4,"minecraft:acacia_log":8,"tconstruct:earth_slime_tall_grass":1,"minecraft:grass_block":4,"iceandfire:lectern":1,"minecraft:oak_pressure_plate":1,"minecraft:polished_diorite":5,"minecraft:sandstone":6,"minecraft:spawner":30,"minecraft:hay_block":94,"minecraft:furnace":1,"minecraft:carrots":4,"iceandfire:copper_ore":2,"minecraft:iron_ore":28,"minecraft:fire":7,"minecraft:anvil":2,"minecraft:nether_brick_stairs":1,"minecraft:gold_block":1,"minecraft:bookshelf":8,"minecraft:vine":11,"minecraft:iron_bars":13,"minecraft:stone":101,"tconstruct:earth_congealed_slime":56,"minecraft:orange_bed":5,"tconstruct:copper_ore":2,"minecraft:glass_pane":1,"minecraft:infested_stone_bricks":1,"minecraft:melon_stem":1,"minecraft:torch":3,"minecraft:crafting_table":9,"minecraft:melon":2,"byg:pine_crafting_table":5,"minecraft:cobblestone":2,"minecraft:diorite":1,"minecraft:wall_torch":11,"minecraft:wheat":20,"byg:pine_log":3,"minecraft:grass":15,"minecraft:end_rod":1,"minecraft:sand":2,"minecraft:beetroots":1,"minecraft:dirt":3,"minecraft:cobweb":6,"minecraft:cracked_stone_bricks":8,"minecraft:mossy_stone_bricks":1}},"DataVersion":2586}