{"stats":{"minecraft:dropped":{"minecraft:iron_sword":1,"minecraft:porkchop":3,"minecraft:wheat_seeds":18,"minecraft:glass_bottle":5,"minecraft:crafting_table":1,"minecraft:feather":2,"minecraft:cobblestone":5,"minecraft:acacia_log":1,"silentgear:sinew":6,"silentgear:blueprint_package":1,"minecraft:stick":1,"minecraft:flint":1,"minecraft:dirt":2,"tconstruct:materials_and_you":1,"minecraft:wooden_axe":1,"forbidden_arcanus:spawner_scrap":2,"greekfantasy:snakeskin":8,"minecraft:fire_charge":1,"tombstone:grave_dust":3,"minecraft:sand":5,"minecraft:fishing_rod":1,"minecraft:bone":2,"minecraft:stone_axe":1,"minecraft:iron_nugget":8,"alexsmobs:animal_dictionary":1,"minecraft:wheat":12,"tombstone:gift":1,"greekfantasy:limestone":6,"minecraft:chicken":1,"minecraft:rotten_flesh":16,"iceandfire:copper_ore":2,"minecraft:rabbit_foot":1,"minecraft:poppy":1,"minecraft:leather_chestplate":2,"tconstruct:travelers_boots":1,"minecraft:melon_seeds":2,"minecraft:leather_boots":1,"minecraft:leather_leggings":1,"minecraft:slime_ball":1,"minecraft:stone_pickaxe":1,"minecraft:arrow":2,"greekfantasy:snake_fang":2,"minecraft:wooden_pickaxe":2,"theabyss:guide_book":1,"minecraft:egg":1},"minecraft:killed":{"tconstruct:earth_slime":20,"greekfantasy:shade":3,"minecraft:spider":1,"minecraft:piglin_brute":7,"minecraft:husk":1,"alexsmobs:guster":1,"minecraft:pig":1,"greekfantasy:minotaur":2,"minecraft:sheep":12,"minecraft:zombie":13,"greekfantasy:cyclopes":1,"greekfantasy:drakaina":1,"minecraft:cow":11},"minecraft:killed_by":{"minecraft:piglin_brute":3,"minecraft:creeper":1,"minecraft:skeleton":1,"iceandfire:myrmex_soldier":1,"greekfantasy:nemean_lion":1},"minecraft:mined":{"minecraft:acacia_log":8,"minecraft:grass_block":4,"tconstruct:earth_slime_tall_grass":1,"iceandfire:lectern":1,"minecraft:polished_diorite":5,"minecraft:sandstone":6,"minecraft:spawner":6,"minecraft:hay_block":94,"minecraft:furnace":1,"minecraft:carrots":4,"iceandfire:copper_ore":2,"minecraft:iron_ore":28,"minecraft:anvil":1,"minecraft:gold_block":1,"minecraft:bookshelf":8,"minecraft:stone":90,"tconstruct:earth_congealed_slime":56,"minecraft:orange_bed":5,"tconstruct:copper_ore":2,"minecraft:glass_pane":1,"minecraft:melon_stem":1,"minecraft:torch":1,"minecraft:crafting_table":9,"minecraft:melon":2,"byg:pine_crafting_table":3,"minecraft:diorite":1,"minecraft:wall_torch":5,"minecraft:wheat":20,"byg:pine_log":3,"minecraft:grass":15,"minecraft:beetroots":1,"minecraft:end_rod":1,"minecraft:sand":2,"minecraft:dirt":3,"minecraft:cobweb":6},"minecraft:custom":{"minecraft:interact_with_anvil":4,"minecraft:mob_kills":76,"minecraft:interact_with_crafting_table":35,"minecraft:open_barrel":8,"minecraft:leave_game":1,"minecraft:time_since_death":15856,"minecraft:climb_one_cm":1055,"minecraft:sprint_one_cm":442721,"minecraft:walk_one_cm":301638,"minecraft:drop":91,"minecraft:talked_to_villager":1,"minecraft:deaths":7,"minecraft:sneak_time":2825,"minecraft:walk_under_water_one_cm":15170,"minecraft:jump":3293,"minecraft:walk_on_water_one_cm":58989,"minecraft:interact_with_furnace":20,"minecraft:play_one_minute":140272,"minecraft:sleep_in_bed":3,"minecraft:time_since_rest":15194,"minecraft:damage_taken":4587,"minecraft:damage_absorbed":163,"minecraft:damage_dealt":11957,"minecraft:swim_one_cm":20712,"minecraft:fly_one_cm":1008617,"minecraft:open_chest":63,"minecraft:crouch_one_cm":7225,"tombstone:undead_killed":17,"minecraft:fall_one_cm":85792},"minecraft:crafted":{"minecraft:furnace":2,"byg:pine_planks":12,"minecraft:iron_boots":1,"minecraft:slime_ball":12,"minecraft:stone_pickaxe":1,"minecraft:chest":1,"packedup:basicbackpack":1,"tconstruct:earth_congealed_slime":61,"minecraft:wheat":270,"minecraft:crafting_table":2,"minecraft:wooden_pickaxe":1,"minecraft:iron_helmet":1,"minecraft:iron_sword":2,"minecraft:stone_axe":1,"minecraft:bread":87,"minecraft:air":0,"tconstruct:earth_slime_sling":1,"minecraft:iron_chestplate":1,"tconstruct:copper_ingot":2,"minecraft:stick":28,"minecraft:iron_ingot":30,"minecraft:iron_pickaxe":1,"minecraft:wooden_axe":1,"minecraft:gold_ingot":9,"minecraft:iron_leggings":1,"byg:pine_crafting_table":1,"minecraft:acacia_planks":28,"minecraft:torch":12,"tconstruct:travelers_boots":1},"minecraft:used":{"minecraft:iron_sword":271,"minecraft:orange_bed":5,"minecraft:torch":12,"minecraft:dirt":8,"minecraft:polished_diorite":5,"minecraft:honey_bottle":10,"minecraft:wooden_axe":15,"minecraft:golden_carrot":6,"minecraft:furnace":2,"tombstone:gift":1,"minecraft:egg":1,"minecraft:wheat_seeds":2,"minecraft:water_bucket":10,"minecraft:diorite":4,"minecraft:end_rod":1,"minecraft:stone_pickaxe":130,"minecraft:wooden_pickaxe":8,"minecraft:sandstone":6,"byg:pine_crafting_table":3,"minecraft:golden_apple":1,"minecraft:sand":2,"minecraft:crafting_table":10,"minecraft:cod":10,"minecraft:bread":53,"minecraft:iron_pickaxe":10,"tombstone:grave_key":1,"minecraft:stone_axe":57,"minecraft:bucket":10,"minecraft:cobweb":5},"minecraft:picked_up":{"iceandfire:dragon_skull_lightning":2,"minecraft:fishing_rod":1,"minecraft:crafting_table":9,"minecraft:chicken":1,"minecraft:anvil":1,"iceandfire:copper_ore":2,"minecraft:wooden_pickaxe":1,"minecraft:gold_block":1,"greekfantasy:horn":2,"silentgear:sinew":7,"minecraft:string":13,"byg:pine_log":3,"minecraft:gold_nugget":14,"greekfantasy:limestone":6,"minecraft:beef":23,"minecraft:melon_slice":9,"minecraft:furnace":1,"minecraft:egg":2,"iceandfire:dragonbone":30,"minecraft:sandstone":6,"greekfantasy:styxian_shard":1,"minecraft:torch":6,"minecraft:acacia_log":8,"minecraft:porkchop":3,"tombstone:grave_dust":4,"minecraft:diorite":4,"minecraft:carrot":4,"minecraft:orange_bed":5,"minecraft:arrow":2,"minecraft:rotten_flesh":16,"minecraft:beetroot_seeds":1,"minecraft:hay_block":94,"minecraft:end_rod":1,"minecraft:mutton":17,"minecraft:white_wool":12,"minecraft:cobblestone":91,"forbidden_arcanus:spawner_scrap":5,"minecraft:leather_chestplate":2,"minecraft:feather":2,"minecraft:leather":12,"minecraft:potato":1,"paraglider:spirit_orb":24,"minecraft:dirt":23,"minecraft:bone":2,"greekfantasy:snake_fang":1,"minecraft:wheat_seeds":20,"minecraft:iron_ore":28,"minecraft:iron_sword":1,"minecraft:book":24,"tconstruct:copper_ore":2,"greekfantasy:snakeskin":8,"minecraft:sand":7,"minecraft:polished_diorite":5,"minecraft:slime_ball":241,"minecraft:stone_axe":1,"iceandfire:lectern":1,"minecraft:golden_apple":16,"byg:pine_crafting_table":3,"minecraft:melon_seeds":2,"minecraft:coal":3}},"DataVersion":2586}