{"stats":{"minecraft:dropped":{"minecraft:iron_sword":1,"minecraft:porkchop":3,"minecraft:wheat_seeds":18,"minecraft:oak_pressure_plate":1,"minecraft:glass_bottle":5,"minecraft:crafting_table":1,"minecraft:feather":2,"minecraft:cobblestone":5,"minecraft:granite":1,"minecraft:acacia_log":1,"silentgear:sinew":6,"silentgear:blueprint_package":1,"minecraft:flint":1,"minecraft:stick":1,"minecraft:dirt":15,"tconstruct:materials_and_you":1,"minecraft:wooden_axe":1,"greekfantasy:snakeskin":8,"forbidden_arcanus:spawner_scrap":2,"minecraft:fire_charge":1,"tombstone:grave_dust":3,"minecraft:sand":5,"minecraft:fishing_rod":1,"minecraft:bone":2,"minecraft:stone_axe":1,"minecraft:iron_nugget":8,"alexsmobs:animal_dictionary":1,"minecraft:wheat":12,"tombstone:gift":1,"greekfantasy:limestone":6,"minecraft:chicken":1,"minecraft:rotten_flesh":16,"minecraft:oak_planks":2,"iceandfire:copper_ore":2,"minecraft:rabbit_foot":1,"minecraft:poppy":1,"minecraft:leather_chestplate":2,"minecraft:polished_granite_stairs":1,"tconstruct:travelers_boots":1,"minecraft:melon_seeds":2,"minecraft:leather_boots":1,"minecraft:leather_leggings":1,"minecraft:stone_pickaxe":1,"minecraft:slime_ball":1,"greekfantasy:snake_fang":2,"minecraft:arrow":2,"minecraft:wooden_pickaxe":2,"theabyss:guide_book":1,"minecraft:egg":1},"minecraft:killed":{"tconstruct:earth_slime":20,"greekfantasy:shade":4,"minecraft:spider":1,"minecraft:skeleton":1,"minecraft:piglin_brute":7,"minecraft:husk":1,"alexsmobs:guster":1,"minecraft:pig":1,"greekfantasy:minotaur":2,"minecraft:sheep":12,"minecraft:zombie":13,"greekfantasy:cyclopes":1,"greekfantasy:drakaina":1,"minecraft:cow":11},"minecraft:custom":{"minecraft:interact_with_anvil":6,"minecraft:mob_kills":78,"minecraft:interact_with_crafting_table":39,"minecraft:open_barrel":8,"minecraft:eat_cake_slice":1,"minecraft:leave_game":2,"minecraft:time_since_death":5223,"minecraft:climb_one_cm":1055,"minecraft:sprint_one_cm":460030,"minecraft:walk_one_cm":330642,"minecraft:drop":97,"minecraft:talked_to_villager":1,"minecraft:deaths":8,"minecraft:sneak_time":3510,"minecraft:walk_under_water_one_cm":15170,"minecraft:jump":3314,"minecraft:walk_on_water_one_cm":58989,"minecraft:interact_with_furnace":20,"minecraft:play_one_minute":153339,"minecraft:sleep_in_bed":4,"minecraft:time_since_rest":4716,"minecraft:damage_taken":5069,"minecraft:damage_absorbed":163,"minecraft:damage_dealt":12077,"minecraft:swim_one_cm":20712,"minecraft:fly_one_cm":1010756,"minecraft:open_chest":71,"minecraft:crouch_one_cm":9493,"tombstone:undead_killed":19,"minecraft:fall_one_cm":86531},"minecraft:used":{"minecraft:iron_bars":2,"minecraft:iron_sword":277,"minecraft:orange_bed":5,"minecraft:torch":15,"minecraft:dirt":23,"minecraft:anvil":1,"minecraft:polished_diorite":5,"minecraft:honey_bottle":10,"minecraft:wooden_axe":15,"minecraft:golden_carrot":6,"minecraft:furnace":2,"tombstone:gift":1,"minecraft:egg":1,"minecraft:wheat_seeds":2,"minecraft:water_bucket":10,"minecraft:diorite":4,"minecraft:end_rod":1,"minecraft:stone_pickaxe":130,"minecraft:wooden_pickaxe":8,"minecraft:sandstone":6,"byg:pine_crafting_table":4,"minecraft:golden_apple":1,"minecraft:sand":2,"minecraft:crafting_table":10,"minecraft:cod":10,"minecraft:bread":56,"minecraft:iron_pickaxe":16,"tombstone:grave_key":1,"minecraft:stone_axe":58,"minecraft:cobblestone":9,"minecraft:bucket":10,"minecraft:cobweb":5},"minecraft:picked_up":{"iceandfire:dragon_skull_lightning":2,"minecraft:fishing_rod":1,"minecraft:crafting_table":9,"minecraft:chicken":1,"minecraft:anvil":2,"iceandfire:copper_ore":2,"minecraft:wooden_pickaxe":1,"minecraft:gold_block":1,"greekfantasy:horn":2,"silentgear:sinew":7,"minecraft:string":13,"byg:pine_log":3,"minecraft:gold_nugget":14,"greekfantasy:limestone":6,"minecraft:beef":23,"minecraft:melon_slice":9,"minecraft:furnace":1,"minecraft:egg":2,"minecraft:sandstone":6,"iceandfire:dragonbone":30,"greekfantasy:styxian_shard":1,"minecraft:torch":23,"minecraft:acacia_log":8,"minecraft:porkchop":3,"tombstone:grave_dust":4,"minecraft:diorite":4,"minecraft:carrot":4,"minecraft:orange_bed":5,"minecraft:polished_granite_stairs":1,"minecraft:arrow":4,"minecraft:rotten_flesh":16,"minecraft:beetroot_seeds":1,"minecraft:hay_block":94,"minecraft:end_rod":1,"minecraft:iron_bars":2,"minecraft:mutton":17,"forbidden_arcanus:spawner_scrap":5,"minecraft:white_wool":12,"minecraft:cobblestone":95,"minecraft:leather_chestplate":2,"minecraft:feather":2,"minecraft:leather":12,"minecraft:potato":1,"paraglider:spirit_orb":30,"minecraft:oak_log":5,"minecraft:dirt":38,"minecraft:bone":6,"greekfantasy:snake_fang":1,"minecraft:wheat_seeds":20,"minecraft:iron_ore":28,"minecraft:oak_planks":2,"minecraft:iron_sword":1,"minecraft:book":24,"tconstruct:copper_ore":2,"minecraft:oak_pressure_plate":1,"greekfantasy:snakeskin":8,"minecraft:sand":7,"minecraft:slime_ball":241,"minecraft:polished_diorite":5,"minecraft:stone_axe":1,"iceandfire:lectern":1,"minecraft:granite":1,"minecraft:golden_apple":16,"byg:pine_crafting_table":4,"minecraft:melon_seeds":2,"minecraft:coal":3},"minecraft:crafted":{"minecraft:furnace":2,"byg:pine_planks":12,"packedup:ironbackpack":1,"minecraft:iron_boots":1,"minecraft:slime_ball":12,"minecraft:stone_pickaxe":1,"minecraft:chest":1,"packedup:basicbackpack":1,"tconstruct:earth_congealed_slime":61,"minecraft:wheat":270,"minecraft:crafting_table":2,"minecraft:iron_helmet":1,"minecraft:wooden_pickaxe":1,"minecraft:iron_sword":2,"minecraft:stone_axe":1,"minecraft:bread":87,"minecraft:air":0,"tconstruct:earth_slime_sling":1,"minecraft:iron_chestplate":1,"tconstruct:copper_ingot":2,"minecraft:stick":28,"minecraft:iron_ingot":30,"minecraft:iron_pickaxe":1,"minecraft:wooden_axe":1,"minecraft:iron_leggings":1,"minecraft:gold_ingot":9,"byg:pine_crafting_table":1,"packedup:goldbackpack":1,"minecraft:acacia_planks":28,"minecraft:torch":12,"tconstruct:travelers_boots":1},"minecraft:killed_by":{"minecraft:piglin_brute":3,"minecraft:creeper":2,"minecraft:skeleton":1,"iceandfire:myrmex_soldier":1,"greekfantasy:nemean_lion":1},"minecraft:mined":{"minecraft:acacia_log":8,"minecraft:grass_block":4,"tconstruct:earth_slime_tall_grass":1,"iceandfire:lectern":1,"minecraft:oak_pressure_plate":1,"minecraft:polished_diorite":5,"minecraft:sandstone":6,"minecraft:spawner":8,"minecraft:hay_block":94,"minecraft:furnace":1,"minecraft:carrots":4,"iceandfire:copper_ore":2,"minecraft:iron_ore":28,"minecraft:anvil":2,"minecraft:gold_block":1,"minecraft:bookshelf":8,"minecraft:iron_bars":2,"minecraft:stone":90,"tconstruct:earth_congealed_slime":56,"minecraft:orange_bed":5,"tconstruct:copper_ore":2,"minecraft:glass_pane":1,"minecraft:melon_stem":1,"minecraft:crafting_table":9,"minecraft:torch":2,"minecraft:melon":2,"byg:pine_crafting_table":4,"minecraft:diorite":1,"minecraft:wall_torch":6,"minecraft:wheat":20,"byg:pine_log":3,"minecraft:grass":15,"minecraft:beetroots":1,"minecraft:end_rod":1,"minecraft:sand":2,"minecraft:dirt":3,"minecraft:cobweb":6}},"DataVersion":2586}