{"stats":{"minecraft:dropped":{"securitycraft:keypad_item":1,"tconstruct:sledge_hammer":1,"minecraft:wooden_pickaxe":1},"minecraft:killed":{"alexsmobs:seagull":1,"greekfantasy:empusa":1,"minecraft:zombie":4},"minecraft:custom":{"minecraft:interact_with_furnace":18,"minecraft:interact_with_anvil":8,"minecraft:mob_kills":6,"minecraft:interact_with_crafting_table":4,"minecraft:open_barrel":5,"minecraft:play_one_minute":153220,"minecraft:leave_game":1,"minecraft:time_since_death":116549,"minecraft:sleep_in_bed":1,"minecraft:climb_one_cm":1472,"minecraft:time_since_rest":116344,"minecraft:sprint_one_cm":197405,"minecraft:damage_taken":3312,"minecraft:walk_one_cm":451383,"minecraft:drop":3,"minecraft:damage_dealt":1643,"minecraft:damage_dealt_absorbed":2,"minecraft:swim_one_cm":460,"minecraft:talked_to_villager":6,"minecraft:fly_one_cm":847975,"minecraft:open_chest":36,"minecraft:crouch_one_cm":4176,"minecraft:deaths":12,"tombstone:undead_killed":4,"minecraft:sneak_time":1382,"minecraft:walk_under_water_one_cm":56,"minecraft:jump":915,"minecraft:walk_on_water_one_cm":4857,"minecraft:fall_one_cm":9399},"minecraft:used":{"minecraft:wheat_seeds":1,"minecraft:enchanting_table":1,"minecraft:flint_and_steel":1,"securitycraft:keypad_chest":12,"minecraft:stone_pickaxe":54,"minecraft:oak_planks":1,"minecraft:chest":18,"minecraft:wooden_pickaxe":6,"minecraft:spruce_planks":2,"minecraft:stone":117,"minecraft:diamond_axe":2,"minecraft:rotten_flesh":1,"tconstruct:seared_fuel_tank":1,"minecraft:torch":219,"tconstruct:seared_drain":10,"minecraft:dirt":1052,"minecraft:anvil":6,"securitycraft:keypad_item":1,"minecraft:crafting_table":1,"tconstruct:seared_bricks":127,"tconstruct:seared_basin":1,"minecraft:obsidian":10,"tconstruct:seared_heater":3,"minecraft:wooden_axe":8,"minecraft:diamond_pickaxe":61,"minecraft:bookshelf":22,"tconstruct:seared_table":7,"minecraft:bread":1,"tconstruct:seared_ingot_tank":7,"tconstruct:seared_faucet":9,"majruszs_difficulty:bandage":1,"tconstruct:seared_channel":2,"paraglider:rito_goddess_statue":1,"greekfantasy:terracotta_vase":1,"minecraft:diamond_sword":4,"minecraft:golden_carrot":1,"minecraft:furnace":15,"minecraft:acacia_fence":186,"tombstone:gift":2,"tconstruct:smeltery_controller":1,"minecraft:air":1,"minecraft:acacia_planks":12,"tconstruct:seared_glass":97,"greekfantasy:flint_knife":49,"minecraft:cobweb":1,"greekfantasy:marble":1},"minecraft:picked_up":{"minecraft:stripped_oak_log":1,"tconstruct:seared_bricks":4,"minecraft:crafting_table":1,"minecraft:feather":1,"minecraft:salmon":1,"minecraft:leather":201,"minecraft:smoker":1,"minecraft:birch_planks":1,"minecraft:oak_log":2,"minecraft:lapis_lazuli":160,"greekfantasy:horn":1,"minecraft:dirt":14,"greekfantasy:reeds":4,"minecraft:white_carpet":1,"minecraft:bone":2,"greekfantasy:fiery_bat_wing":3,"paraglider:rito_goddess_statue":1,"minecraft:wheat_seeds":12,"minecraft:iron_ingot":576,"minecraft:poppy":14,"minecraft:sugar_cane":9,"minecraft:acacia_sapling":4,"minecraft:phantom_membrane":3,"minecraft:furnace":1,"minecraft:stick":6,"minecraft:stone":640,"minecraft:acacia_fence":4,"byg:reeds":1,"minecraft:torch":5,"minecraft:acacia_log":5,"minecraft:gravel":1,"greekfantasy:cursed_hair":2,"minecraft:spruce_log":1,"byg:cattail":3,"minecraft:brown_carpet":8,"minecraft:stripped_acacia_log":3,"minecraft:arrow":1,"minecraft:rotten_flesh":7,"greekfantasy:terracotta_vase":2,"minecraft:diamond":229,"minecraft:granite":9,"minecraft:golden_apple":4,"minecraft:gold_ingot":576,"minecraft:oak_sapling":3,"tombstone:magic_scroll":1,"minecraft:blaze_rod":20,"minecraft:coal":581,"minecraft:skeleton_skull":1,"minecraft:cobblestone":69},"minecraft:killed_by":{"minecraft:zombie":11,"majruszs_difficulty:elite_skeleton":1},"minecraft:crafted":{"minecraft:oak_planks":12,"minecraft:crafting_table":1,"minecraft:spruce_planks":4,"minecraft:wooden_pickaxe":1,"minecraft:stick":8,"minecraft:stone_pickaxe":1,"minecraft:wooden_axe":1,"minecraft:acacia_planks":20},"minecraft:mined":{"byg:reeds":1,"greekfantasy:terracotta_vase":3,"minecraft:smoker":1,"minecraft:brown_carpet":11,"paraglider:rito_goddess_statue":1,"tconstruct:seared_bricks":4,"byg:cattail":3,"minecraft:crafting_table":1,"minecraft:granite":9,"minecraft:acacia_log":5,"minecraft:cobblestone":3,"minecraft:sugar_cane":3,"minecraft:wall_torch":2,"minecraft:skeleton_skull":1,"minecraft:birch_planks":1,"minecraft:furnace":1,"minecraft:wheat":1,"minecraft:white_carpet":1,"minecraft:spruce_log":1,"minecraft:acacia_stairs":1,"minecraft:grass":15,"minecraft:oak_log":2,"minecraft:coal_ore":5,"minecraft:acacia_fence":4,"minecraft:gravel":1,"minecraft:dirt":14,"greekfantasy:reeds":4,"minecraft:stripped_acacia_log":3,"minecraft:stripped_oak_log":1,"minecraft:stone":69,"minecraft:oak_leaves":1}},"DataVersion":2586}