{"stats":{"minecraft:dropped":{"minecraft:wooden_pickaxe":1},"minecraft:killed":{"alexsmobs:seagull":1,"minecraft:zombie":4},"minecraft:custom":{"minecraft:interact_with_furnace":1,"minecraft:interact_with_anvil":3,"minecraft:mob_kills":5,"minecraft:interact_with_crafting_table":4,"minecraft:open_barrel":5,"minecraft:play_one_minute":51220,"minecraft:leave_game":1,"minecraft:time_since_death":14549,"minecraft:sleep_in_bed":1,"minecraft:climb_one_cm":1472,"minecraft:time_since_rest":14344,"minecraft:sprint_one_cm":132768,"minecraft:damage_taken":3312,"minecraft:walk_one_cm":164912,"minecraft:drop":1,"minecraft:damage_dealt":1257,"minecraft:damage_dealt_absorbed":2,"minecraft:swim_one_cm":460,"minecraft:talked_to_villager":6,"minecraft:fly_one_cm":192165,"minecraft:open_chest":7,"minecraft:crouch_one_cm":568,"minecraft:deaths":12,"tombstone:undead_killed":4,"minecraft:sneak_time":139,"minecraft:walk_under_water_one_cm":56,"minecraft:jump":671,"minecraft:walk_on_water_one_cm":3242,"minecraft:fall_one_cm":8712},"minecraft:used":{"minecraft:wheat_seeds":1,"minecraft:stone_pickaxe":54,"minecraft:oak_planks":1,"minecraft:wooden_pickaxe":6,"minecraft:spruce_planks":2,"minecraft:rotten_flesh":1,"minecraft:torch":1,"minecraft:dirt":3,"minecraft:anvil":2,"minecraft:crafting_table":1,"minecraft:wooden_axe":8,"minecraft:bread":1,"paraglider:rito_goddess_statue":1,"greekfantasy:terracotta_vase":1,"minecraft:acacia_fence":1,"tombstone:gift":2,"minecraft:acacia_planks":12,"greekfantasy:flint_knife":49,"minecraft:cobweb":1},"minecraft:picked_up":{"minecraft:stripped_oak_log":1,"minecraft:crafting_table":1,"minecraft:feather":1,"minecraft:salmon":1,"minecraft:leather":2,"minecraft:smoker":1,"minecraft:birch_planks":1,"minecraft:oak_log":2,"greekfantasy:horn":1,"minecraft:dirt":14,"greekfantasy:reeds":4,"minecraft:white_carpet":1,"minecraft:bone":2,"paraglider:rito_goddess_statue":1,"minecraft:wheat_seeds":3,"minecraft:sugar_cane":9,"minecraft:furnace":1,"minecraft:acacia_fence":2,"byg:reeds":1,"minecraft:torch":1,"minecraft:acacia_log":5,"minecraft:gravel":1,"minecraft:spruce_log":1,"byg:cattail":3,"minecraft:brown_carpet":8,"minecraft:stripped_acacia_log":3,"minecraft:arrow":1,"minecraft:rotten_flesh":7,"greekfantasy:terracotta_vase":2,"minecraft:granite":9,"minecraft:golden_apple":4,"tombstone:magic_scroll":1,"minecraft:coal":5,"minecraft:skeleton_skull":1,"minecraft:cobblestone":15},"minecraft:killed_by":{"minecraft:zombie":11,"majruszs_difficulty:elite_skeleton":1},"minecraft:crafted":{"minecraft:oak_planks":12,"minecraft:crafting_table":1,"minecraft:spruce_planks":4,"minecraft:wooden_pickaxe":1,"minecraft:stick":8,"minecraft:stone_pickaxe":1,"minecraft:wooden_axe":1,"minecraft:acacia_planks":20},"minecraft:mined":{"byg:reeds":1,"greekfantasy:terracotta_vase":3,"minecraft:smoker":1,"minecraft:brown_carpet":11,"paraglider:rito_goddess_statue":1,"byg:cattail":3,"minecraft:crafting_table":1,"minecraft:granite":9,"minecraft:acacia_log":5,"minecraft:cobblestone":3,"minecraft:sugar_cane":3,"minecraft:wall_torch":2,"minecraft:skeleton_skull":1,"minecraft:birch_planks":1,"minecraft:furnace":1,"minecraft:wheat":1,"minecraft:white_carpet":1,"minecraft:spruce_log":1,"minecraft:acacia_stairs":1,"minecraft:grass":15,"minecraft:oak_log":2,"minecraft:coal_ore":5,"minecraft:acacia_fence":2,"minecraft:gravel":1,"minecraft:dirt":14,"greekfantasy:reeds":4,"minecraft:stripped_acacia_log":3,"minecraft:stripped_oak_log":1,"minecraft:stone":12,"minecraft:oak_leaves":1}},"DataVersion":2586}