{"stats":{"minecraft:killed_by":{"minecraft:player":3,"minecraft:wither_skeleton":2,"minecraft:zombie":11,"majruszs_difficulty:elite_skeleton":1},"minecraft:crafted":{"tconstruct:pickaxe":1,"minecraft:oak_planks":56,"minecraft:iron_nugget":666,"minecraft:blaze_powder":2,"cfm:acacia_park_bench":4,"tconstruct:tinker_station":1,"theabyss:sal_planks":144,"minecraft:quartz_block":179,"minecraft:stone_pickaxe":1,"tconstruct:seared_brick":16,"tconstruct:cobalt_ingot":45,"minecraft:crafting_table":2,"tconstruct:tinkers_anvil":1,"minecraft:spruce_planks":4,"minecraft:wooden_pickaxe":1,"spartanweaponry:handle":4,"minecraft:air":0,"tconstruct:sword":12,"tconstruct:plate_boots":1,"tconstruct:crafting_station":1,"minecraft:stick":40,"forbidden_arcanus:iron_chain":123,"minecraft:iron_ingot":64,"minecraft:wooden_axe":1,"minecraft:iron_block":3,"forbidden_arcanus:arcane_crystal_dust":130,"minecraft:anvil":1,"tconstruct:seared_bricks":4,"minecraft:acacia_planks":152,"tconstruct:cleaver":5,"tconstruct:grout":128,"tconstruct:sledge_hammer":1},"minecraft:dropped":{"minecraft:enchanted_book":2,"minecraft:wheat_seeds":1,"tconstruct:seared_table":65,"minecraft:diamond":64,"tconstruct:tool_handle":4,"minecraft:feather":1,"minecraft:leather":64,"silentgear:flax_seeds":2,"minecraft:acacia_log":128,"tconstruct:sword":2,"majruszs_difficulty:wither_sword":1,"minecraft:lava_bucket":4,"minecraft:golden_carrot":64,"minecraft:torch":1,"minecraft:nether_wart_block":3,"minecraft:string":64,"minecraft:bucket":1,"tconstruct:zombified_piglin_head":1,"tconstruct:pickaxe":1,"tconstruct:seared_bricks":389,"tombstone:gift":2,"iceandfire:witherbone":3,"greekfantasy:limestone":1,"tconstruct:cobalt_block":65,"tconstruct:cleaver":3,"minecraft:nether_bricks":1,"securitycraft:keypad_item":1,"iceandfire:dread_queen_sword":1,"minecraft:potato":4,"tconstruct:sledge_hammer":2,"minecraft:diamond_chestplate":1,"minecraft:diamond_pickaxe":3,"minecraft:quartz_block":51,"tconstruct:small_blade":3,"minecraft:diamond_boots":1,"minecraft:bow":1,"minecraft:wooden_pickaxe":1,"minecraft:acacia_fence":2,"minecraft:netherrack":74,"tconstruct:seared_faucet":128},"minecraft:killed":{"greekfantasy:shade":2,"minecraft:zombified_piglin":7,"alexsmobs:raccoon":1,"minecraft:spider":1,"alexsmobs:seagull":1,"minecraft:wither":1,"minecraft:skeleton":2,"minecraft:cat":1,"minecraft:piglin":2,"minecraft:iron_golem":2,"greekfantasy:orthus":1,"greekfantasy:empusa":3,"minecraft:creeper":1,"alexsmobs:crimson_mosquito":3,"iceandfire:cockatrice":1,"minecraft:zombie":7,"alexsmobs:gazelle":7,"minecraft:wither_skeleton":15,"greekfantasy:drakaina":2,"minecraft:villager":1,"minecraft:enderman":1,"minecraft:blaze":4},"minecraft:mined":{"minecraft:nether_gold_ore":2,"minecraft:white_bed":4,"minecraft:mossy_cobblestone":1,"silentgear:wild_flax_plant":2,"tconstruct:tinker_station":2,"paraglider:rito_goddess_statue":1,"tconstruct:seared_bricks":4,"byg:cattail":3,"minecraft:nether_bricks":13,"minecraft:granite":11,"minecraft:acacia_log":30,"minecraft:grass_block":6,"minecraft:crimson_roots":1,"silentgear:crimson_iron_ore":23,"minecraft:nether_wart":15,"minecraft:spawner":1,"forbidden_arcanus:arcane_crystal_ore":64,"minecraft:weeping_vines_plant":1,"minecraft:furnace":1,"minecraft:turtle_egg":1,"minecraft:fire":4,"tconstruct:cobalt_ore":6,"minecraft:andesite":4,"minecraft:acacia_stairs":1,"minecraft:nether_brick_stairs":3,"minecraft:potatoes":1,"greekfantasy:reeds":4,"minecraft:stripped_acacia_log":3,"minecraft:stripped_oak_log":1,"theabyss:sal_planks":1,"theabyss:ruma_log":1,"minecraft:stone":780,"byg:reeds":1,"tconstruct:part_builder":1,"minecraft:acacia_leaves":6,"minecraft:soul_sand":20,"greekfantasy:terracotta_vase":3,"minecraft:crimson_nylium":16,"minecraft:smoker":1,"minecraft:brown_carpet":11,"minecraft:crafting_table":1,"minecraft:torch":2,"theabyss:blue_shroomlight":3,"minecraft:nether_quartz_ore":328,"minecraft:tall_grass":2,"minecraft:cobblestone":5,"minecraft:sugar_cane":3,"theabyss:crimson_crystal_ore":7,"minecraft:diorite":4,"minecraft:wall_torch":2,"minecraft:skeleton_skull":1,"greekfantasy:limestone":2,"minecraft:birch_planks":1,"minecraft:nether_wart_block":3,"minecraft:wheat":1,"minecraft:white_carpet":1,"minecraft:spruce_log":1,"minecraft:yellow_bed":3,"minecraft:grass":21,"minecraft:coal_ore":6,"minecraft:oak_log":14,"minecraft:acacia_fence":8,"minecraft:gravel":1,"minecraft:dirt":23,"theabyss:sal_shroom_log":36,"minecraft:ancient_debris":49,"minecraft:netherrack":493,"minecraft:oak_leaves":23},"minecraft:used":{"minecraft:enchanting_table":1,"minecraft:flint_and_steel":61,"securitycraft:keypad_chest":17,"minecraft:chest":24,"minecraft:spruce_planks":2,"minecraft:stone":118,"minecraft:cooked_chicken":1,"minecraft:rotten_flesh":1,"minecraft:netherrack":67,"tconstruct:seared_fuel_tank":1,"minecraft:torch":381,"tconstruct:seared_drain":10,"minecraft:mutton":1,"minecraft:anvil":6,"minecraft:dirt":1539,"cfm:acacia_park_bench":4,"securitycraft:keypad_item":1,"tconstruct:seared_bricks":127,"minecraft:stone_stairs":3,"forbidden_arcanus:arcane_crystal_ore":64,"minecraft:granite":2,"minecraft:obsidian":10,"tconstruct:seared_heater":3,"minecraft:wooden_axe":8,"minecraft:lava_bucket":1,"minecraft:bookshelf":22,"tconstruct:tinker_station":4,"tconstruct:seared_faucet":9,"majruszs_difficulty:wither_treasure_bag":1,"paraglider:rito_goddess_statue":1,"tconstruct:tinkers_anvil":1,"minecraft:golden_carrot":28,"iceandfire:dread_queen_sword":2,"minecraft:furnace":15,"minecraft:acacia_fence":190,"tombstone:gift":5,"tconstruct:smeltery_controller":1,"minecraft:potato":1,"tconstruct:part_builder":1,"minecraft:acacia_planks":12,"minecraft:turtle_egg":1,"greekfantasy:flint_knife":49,"greekfantasy:marble":1,"minecraft:wheat_seeds":1,"minecraft:water_bucket":1,"spartanweaponry:longbow_gold":46,"minecraft:oak_planks":1,"minecraft:stone_pickaxe":54,"minecraft:wooden_pickaxe":6,"theabyss:sal_planks":1,"minecraft:diamond_axe":115,"minecraft:crafting_table":2,"minecraft:white_bed":3,"tconstruct:seared_basin":1,"minecraft:diamond_pickaxe":1814,"minecraft:diamond_shovel":36,"minecraft:command_block":2,"tconstruct:seared_table":7,"minecraft:bread":1,"theabyss:blue_shroomlight":1,"tconstruct:seared_ingot_tank":7,"majruszs_difficulty:bandage":18,"tconstruct:seared_channel":2,"greekfantasy:terracotta_vase":1,"minecraft:diamond_sword":9,"minecraft:cobblestone":7,"tconstruct:crafting_station":2,"minecraft:bucket":1,"minecraft:cobweb":1,"minecraft:air":1,"minecraft:yellow_bed":2,"tconstruct:seared_glass":97},"minecraft:picked_up":{"silentgear:raw_crimson_iron":58,"minecraft:crafting_table":1,"theabyss:ruma_log":1,"minecraft:nether_brick_fence":3,"iceandfire:witherbone":2,"minecraft:nether_wart":25,"minecraft:enchanted_book":3,"tconstruct:sword":1,"minecraft:wither_rose":9,"minecraft:turtle_egg":1,"paraglider:heart_container":3,"tconstruct:zombified_piglin_head":3,"greekfantasy:horn":1,"alexsmobs:gazelle_horn":2,"minecraft:string":4,"minecraft:white_carpet":1,"tconstruct:cleaver":2,"paraglider:rito_goddess_statue":1,"alexsmobs:blood_sac":4,"minecraft:gold_nugget":23,"greekfantasy:limestone":2,"minecraft:poppy":16,"minecraft:sugar_cane":9,"theabyss:sal_shroom_log":36,"minecraft:phantom_membrane":3,"minecraft:furnace":1,"minecraft:stick":10,"minecraft:stone":640,"majruszs_difficulty:wither_sword":1,"minecraft:acacia_fence":8,"byg:reeds":1,"minecraft:torch":27,"minecraft:acacia_log":26,"tombstone:grave_dust":2,"minecraft:diorite":2,"byg:cattail":3,"minecraft:brown_carpet":8,"theabyss:sal_planks":1,"minecraft:arrow":3,"minecraft:weeping_vines":1,"minecraft:rotten_flesh":18,"minecraft:diamond_chestplate":1,"minecraft:nether_bricks":30,"minecraft:diamond_boots":1,"tconstruct:tinker_station":2,"minecraft:gold_ingot":576,"tombstone:essence_of_undeath":1,"iceandfire:dread_queen_sword":1,"minecraft:blaze_rod":25,"minecraft:mutton":1,"forbidden_arcanus:spawner_scrap":1,"minecraft:skeleton_skull":1,"minecraft:cobblestone":607,"minecraft:stripped_oak_log":1,"tconstruct:seared_bricks":4,"theabyss:blue_shroomlight":3,"silentgear:flax_seeds":5,"minecraft:feather":2,"minecraft:andesite":4,"minecraft:salmon":1,"minecraft:leather":201,"alexsmobs:acacia_blossom":1,"minecraft:smoker":1,"minecraft:red_mushroom":1,"minecraft:potato":5,"minecraft:birch_planks":1,"paraglider:spirit_orb":30,"minecraft:oak_log":13,"minecraft:ancient_debris":46,"tconstruct:tool_handle":3,"minecraft:yellow_bed":3,"minecraft:nether_wart_block":3,"minecraft:gunpowder":3,"minecraft:wither_skeleton_skull":3,"minecraft:lapis_lazuli":160,"minecraft:dirt":36,"tombstone:gift":1,"greekfantasy:reeds":4,"minecraft:bone":2,"minecraft:bow":1,"minecraft:wheat_seeds":13,"greekfantasy:fiery_bat_wing":4,"minecraft:iron_ingot":588,"minecraft:cooked_chicken":1,"minecraft:acacia_sapling":5,"minecraft:soul_sand":20,"tconstruct:necrotic_bone":16,"minecraft:quartz":718,"greekfantasy:snakeskin":16,"minecraft:gravel":1,"greekfantasy:orthus_head":1,"greekfantasy:cursed_hair":3,"minecraft:white_bed":4,"minecraft:spruce_log":1,"theabyss:crimson_crystal_ore":13,"forbidden_arcanus:arcane_crystal":130,"minecraft:stripped_acacia_log":3,"greekfantasy:terracotta_vase":2,"tombstone:familiar_stone":1,"minecraft:diamond":229,"tconstruct:cobalt_ore":6,"minecraft:granite":11,"minecraft:golden_apple":4,"tombstone:magic_scroll":1,"minecraft:oak_sapling":5,"minecraft:netherrack":410,"majruszs_difficulty:bandage":7,"minecraft:coal":583,"minecraft:nether_star":1,"minecraft:crimson_roots":1,"minecraft:diamond_pickaxe":3},"minecraft:custom":{"minecraft:interact_with_anvil":10,"minecraft:mob_kills":68,"minecraft:interact_with_crafting_table":15,"minecraft:open_barrel":5,"minecraft:leave_game":10,"minecraft:time_since_death":87128,"minecraft:climb_one_cm":1706,"minecraft:sprint_one_cm":567684,"minecraft:walk_one_cm":1071199,"minecraft:drop":67,"minecraft:damage_dealt_absorbed":2,"minecraft:talked_to_villager":7,"minecraft:sneak_time":4126,"minecraft:deaths":17,"minecraft:walk_under_water_one_cm":864,"minecraft:interact_with_brewingstand":6,"minecraft:jump":3296,"tombstone:kill_undead_boss":1,"minecraft:walk_on_water_one_cm":5940,"minecraft:interact_with_furnace":69,"minecraft:play_one_minute":419587,"minecraft:sleep_in_bed":2,"minecraft:time_since_rest":86701,"minecraft:damage_taken":8441,"minecraft:damage_dealt":17834,"minecraft:swim_one_cm":612,"minecraft:fly_one_cm":2123852,"minecraft:player_kills":1,"minecraft:open_chest":147,"minecraft:crouch_one_cm":11490,"tombstone:undead_killed":34,"tombstone:villager_killed":1,"minecraft:fall_one_cm":53971}},"DataVersion":2586}