{"stats":{"minecraft:killed_by":{"minecraft:wither_skeleton":2,"minecraft:zombie":11,"minecraft:player":3,"majruszs_difficulty:elite_skeleton":1},"minecraft:dropped":{"minecraft:diamond":64,"minecraft:leather":64,"tconstruct:sword":2,"tconstruct:plate_boots":1,"tconstruct:zombified_piglin_head":1,"tconstruct:pickaxe":1,"tombstone:gift":2,"greekfantasy:limestone":1,"tconstruct:cobalt_block":65,"tconstruct:cleaver":3,"securitycraft:keypad_item":1,"iceandfire:dread_queen_sword":1,"tconstruct:sledge_hammer":2,"minecraft:quartz_block":51,"tconstruct:small_blade":3,"theabyss:blue_shroomlight":2,"minecraft:acacia_fence":2,"minecraft:netherrack":74,"tconstruct:seared_faucet":128,"minecraft:enchanted_book":2,"minecraft:wheat_seeds":1,"tconstruct:seared_table":65,"tconstruct:tool_handle":4,"minecraft:cobblestone":34,"minecraft:feather":1,"minecraft:granite":8,"silentgear:flax_seeds":2,"minecraft:acacia_log":128,"majruszs_difficulty:wither_sword":1,"minecraft:lava_bucket":4,"minecraft:diorite":2,"minecraft:golden_carrot":64,"minecraft:torch":1,"minecraft:nether_wart_block":3,"minecraft:string":64,"minecraft:bucket":1,"tconstruct:seared_bricks":389,"iceandfire:witherbone":3,"minecraft:nether_bricks":1,"greekfantasy:marble":2,"minecraft:potato":4,"minecraft:diamond_chestplate":1,"minecraft:diamond_pickaxe":3,"minecraft:diamond_boots":1,"minecraft:bow":1,"minecraft:wooden_pickaxe":1},"minecraft:crafted":{"minecraft:oak_planks":56,"minecraft:blaze_powder":2,"cfm:acacia_park_bench":4,"theabyss:sal_planks":144,"minecraft:quartz_block":179,"tconstruct:seared_brick":16,"minecraft:crafting_table":2,"minecraft:spruce_planks":4,"minecraft:wooden_pickaxe":1,"tconstruct:sword":12,"tconstruct:plate_boots":1,"minecraft:stick":40,"minecraft:iron_ingot":64,"minecraft:iron_block":3,"forbidden_arcanus:iron_chain":123,"tconstruct:seared_bricks":4,"tconstruct:cleaver":5,"tconstruct:pickaxe":1,"minecraft:iron_nugget":666,"tconstruct:tinker_station":1,"minecraft:stone_pickaxe":1,"tconstruct:cobalt_ingot":45,"tconstruct:tinkers_anvil":1,"spartanweaponry:handle":4,"minecraft:air":0,"tconstruct:crafting_station":1,"minecraft:wooden_axe":1,"forbidden_arcanus:arcane_crystal_dust":130,"minecraft:anvil":1,"minecraft:acacia_planks":152,"tconstruct:grout":128,"tconstruct:sledge_hammer":1},"minecraft:killed":{"minecraft:zombified_piglin":7,"minecraft:spider":1,"minecraft:wither":1,"minecraft:skeleton":2,"minecraft:cat":1,"minecraft:piglin":2,"minecraft:iron_golem":2,"greekfantasy:orthus":1,"minecraft:creeper":1,"alexsmobs:crimson_mosquito":3,"iceandfire:cockatrice":1,"minecraft:zombie":9,"greekfantasy:drakaina":2,"minecraft:blaze":4,"greekfantasy:shade":2,"alexsmobs:raccoon":1,"alexsmobs:seagull":1,"greekfantasy:empusa":5,"alexsmobs:gazelle":7,"minecraft:wither_skeleton":15,"minecraft:villager":1,"minecraft:enderman":1},"minecraft:mined":{"minecraft:white_bed":4,"tconstruct:tinker_station":2,"paraglider:rito_goddess_statue":1,"minecraft:obsidian":10,"tconstruct:seared_bricks":4,"byg:cattail":3,"minecraft:granite":34,"minecraft:acacia_log":30,"minecraft:grass_block":7,"silentgear:crimson_iron_ore":23,"minecraft:nether_wart":15,"minecraft:spawner":1,"minecraft:weeping_vines_plant":1,"minecraft:iron_ore":9,"minecraft:fire":4,"minecraft:turtle_egg":1,"tconstruct:cobalt_ore":6,"minecraft:nether_brick_stairs":3,"silentgear:bort_ore":1,"greekfantasy:reeds":4,"tconstruct:part_builder":1,"minecraft:smoker":1,"minecraft:crimson_nylium":16,"minecraft:torch":2,"minecraft:nether_quartz_ore":328,"minecraft:cobblestone":5,"minecraft:sugar_cane":3,"theabyss:crimson_crystal_ore":7,"minecraft:wall_torch":2,"minecraft:skeleton_skull":1,"greekfantasy:limestone":69,"byg:soapstone":39,"minecraft:nether_wart_block":3,"minecraft:wheat":1,"minecraft:grass":23,"minecraft:oak_log":14,"minecraft:acacia_fence":8,"minecraft:dirt":23,"minecraft:netherrack":493,"minecraft:ancient_debris":49,"minecraft:oak_leaves":23,"minecraft:nether_gold_ore":2,"minecraft:diamond_ore":6,"iceandfire:silver_ore":3,"minecraft:mossy_cobblestone":1,"silentgear:wild_flax_plant":2,"minecraft:nether_bricks":13,"minecraft:crimson_roots":1,"forbidden_arcanus:arcane_crystal_ore":74,"minecraft:redstone_ore":8,"minecraft:furnace":1,"iceandfire:copper_ore":2,"minecraft:acacia_stairs":1,"minecraft:andesite":4,"greekfantasy:marble":6,"minecraft:potatoes":1,"byg:rocky_stone":8,"minecraft:stripped_oak_log":1,"minecraft:stripped_acacia_log":3,"theabyss:sal_planks":1,"theabyss:ruma_log":1,"minecraft:stone":1148,"tconstruct:copper_ore":6,"byg:reeds":1,"minecraft:acacia_leaves":6,"minecraft:soul_sand":20,"greekfantasy:terracotta_vase":3,"minecraft:brown_carpet":11,"minecraft:crafting_table":1,"theabyss:blue_shroomlight":3,"minecraft:tall_grass":2,"minecraft:lapis_ore":2,"minecraft:diorite":31,"minecraft:birch_planks":1,"byg:scoria_stone":62,"forbidden_arcanus:xpetrified_ore":3,"minecraft:white_carpet":1,"minecraft:spruce_log":1,"minecraft:yellow_bed":3,"minecraft:coal_ore":19,"minecraft:gravel":1,"theabyss:sal_shroom_log":36},"minecraft:used":{"minecraft:chest":24,"minecraft:stone":118,"minecraft:rotten_flesh":1,"tconstruct:seared_fuel_tank":1,"minecraft:mutton":1,"securitycraft:keypad_item":1,"forbidden_arcanus:arcane_crystal_ore":64,"minecraft:obsidian":10,"minecraft:lava_bucket":1,"tconstruct:seared_faucet":9,"majruszs_difficulty:wither_treasure_bag":1,"tconstruct:tinkers_anvil":1,"minecraft:furnace":15,"minecraft:acacia_fence":190,"tconstruct:smeltery_controller":1,"minecraft:potato":1,"greekfantasy:marble":1,"minecraft:stone_pickaxe":54,"minecraft:oak_planks":1,"minecraft:wooden_pickaxe":6,"minecraft:diamond_axe":115,"minecraft:bread":1,"tconstruct:seared_ingot_tank":7,"theabyss:blue_shroomlight":1,"greekfantasy:terracotta_vase":1,"minecraft:diamond_sword":9,"tconstruct:crafting_station":2,"minecraft:air":1,"minecraft:cobweb":1,"minecraft:enchanting_table":1,"minecraft:flint_and_steel":61,"securitycraft:keypad_chest":17,"minecraft:spruce_planks":2,"minecraft:cooked_chicken":1,"minecraft:netherrack":67,"minecraft:torch":381,"tconstruct:seared_drain":10,"minecraft:dirt":1539,"minecraft:anvil":6,"cfm:acacia_park_bench":4,"minecraft:stone_stairs":3,"tconstruct:seared_bricks":127,"minecraft:granite":2,"tconstruct:seared_heater":3,"minecraft:wooden_axe":8,"minecraft:bookshelf":22,"tconstruct:tinker_station":4,"paraglider:rito_goddess_statue":1,"minecraft:golden_carrot":31,"iceandfire:dread_queen_sword":2,"tombstone:gift":5,"minecraft:acacia_planks":12,"tconstruct:part_builder":1,"minecraft:turtle_egg":1,"greekfantasy:flint_knife":49,"minecraft:wheat_seeds":1,"minecraft:water_bucket":1,"spartanweaponry:longbow_gold":46,"theabyss:sal_planks":1,"minecraft:crafting_table":2,"tconstruct:seared_basin":1,"minecraft:white_bed":3,"minecraft:diamond_pickaxe":2487,"minecraft:diamond_shovel":36,"minecraft:command_block":2,"tconstruct:seared_table":7,"majruszs_difficulty:bandage":18,"tconstruct:seared_channel":2,"minecraft:cobblestone":7,"minecraft:bucket":1,"minecraft:yellow_bed":2,"tconstruct:seared_glass":97},"minecraft:picked_up":{"silentgear:raw_crimson_iron":58,"theabyss:ruma_log":1,"minecraft:nether_brick_fence":3,"iceandfire:copper_ore":2,"minecraft:turtle_egg":1,"minecraft:wither_rose":9,"minecraft:enchanted_book":3,"forbidden_arcanus:xpetrified_orb":3,"alexsmobs:gazelle_horn":2,"greekfantasy:horn":1,"minecraft:string":4,"alexsmobs:blood_sac":4,"minecraft:gold_nugget":23,"minecraft:furnace":1,"minecraft:stick":10,"majruszs_difficulty:wither_sword":1,"minecraft:acacia_fence":8,"byg:reeds":1,"minecraft:torch":27,"minecraft:acacia_log":26,"iceandfire:silver_ore":3,"minecraft:diorite":4,"tombstone:grave_dust":2,"byg:cattail":3,"minecraft:brown_carpet":8,"minecraft:rotten_flesh":18,"minecraft:blaze_rod":25,"minecraft:obsidian":6,"minecraft:cobblestone":641,"tconstruct:seared_bricks":4,"minecraft:feather":2,"minecraft:andesite":4,"minecraft:smoker":1,"minecraft:potato":5,"paraglider:spirit_orb":30,"minecraft:wither_skeleton_skull":3,"minecraft:lapis_lazuli":160,"minecraft:dirt":36,"greekfantasy:reeds":4,"minecraft:bone":2,"minecraft:bow":1,"minecraft:wheat_seeds":13,"tconstruct:necrotic_bone":16,"greekfantasy:snakeskin":16,"greekfantasy:cursed_hair":3,"minecraft:stripped_acacia_log":3,"greekfantasy:terracotta_vase":2,"tombstone:familiar_stone":1,"minecraft:diamond":239,"minecraft:granite":19,"minecraft:golden_apple":4,"minecraft:oak_sapling":5,"minecraft:netherrack":410,"minecraft:crimson_roots":1,"majruszs_difficulty:bandage":7,"minecraft:nether_star":1,"minecraft:diamond_pickaxe":3,"minecraft:crafting_table":1,"byg:soapstone":27,"iceandfire:witherbone":2,"minecraft:nether_wart":25,"tconstruct:sword":1,"paraglider:heart_container":3,"tconstruct:zombified_piglin_head":3,"minecraft:white_carpet":1,"tconstruct:cleaver":2,"paraglider:rito_goddess_statue":1,"greekfantasy:limestone":2,"minecraft:poppy":16,"minecraft:sugar_cane":9,"minecraft:phantom_membrane":3,"theabyss:sal_shroom_log":36,"minecraft:stone":640,"theabyss:sal_planks":1,"minecraft:arrow":3,"minecraft:weeping_vines":1,"minecraft:diamond_chestplate":1,"minecraft:nether_bricks":30,"greekfantasy:marble":2,"minecraft:diamond_boots":1,"tconstruct:tinker_station":2,"tombstone:essence_of_undeath":1,"minecraft:gold_ingot":576,"iceandfire:dread_queen_sword":1,"minecraft:mutton":1,"forbidden_arcanus:spawner_scrap":1,"minecraft:skeleton_skull":1,"minecraft:stripped_oak_log":1,"theabyss:blue_shroomlight":3,"silentgear:flax_seeds":5,"minecraft:salmon":1,"minecraft:leather":201,"alexsmobs:acacia_blossom":1,"minecraft:red_mushroom":1,"minecraft:birch_planks":1,"minecraft:oak_log":13,"minecraft:ancient_debris":46,"tconstruct:tool_handle":3,"minecraft:yellow_bed":3,"minecraft:nether_wart_block":3,"minecraft:gunpowder":3,"tombstone:gift":1,"byg:scoria_cobblestone":43,"greekfantasy:fiery_bat_wing":4,"minecraft:iron_ingot":588,"minecraft:cooked_chicken":1,"minecraft:soul_sand":20,"minecraft:acacia_sapling":5,"tconstruct:copper_ore":6,"minecraft:quartz":718,"minecraft:gravel":1,"greekfantasy:orthus_head":1,"minecraft:spruce_log":1,"minecraft:white_bed":4,"theabyss:crimson_crystal_ore":13,"forbidden_arcanus:arcane_crystal":141,"tconstruct:cobalt_ore":6,"tombstone:magic_scroll":1,"minecraft:coal":583},"minecraft:custom":{"minecraft:interact_with_crafting_table":15,"minecraft:open_barrel":5,"minecraft:leave_game":10,"minecraft:time_since_death":99128,"minecraft:sprint_one_cm":614550,"minecraft:drop":74,"minecraft:talked_to_villager":7,"minecraft:deaths":17,"minecraft:jump":3609,"minecraft:interact_with_brewingstand":6,"tombstone:kill_undead_boss":1,"minecraft:walk_on_water_one_cm":9663,"minecraft:interact_with_furnace":69,"minecraft:play_one_minute":431587,"minecraft:sleep_in_bed":2,"minecraft:damage_dealt":19022,"minecraft:player_kills":1,"minecraft:crouch_one_cm":11892,"tombstone:undead_killed":36,"tombstone:villager_killed":1,"minecraft:mob_kills":72,"minecraft:interact_with_anvil":10,"minecraft:climb_one_cm":1706,"minecraft:walk_one_cm":1112181,"minecraft:damage_dealt_absorbed":2,"minecraft:sneak_time":4271,"minecraft:walk_under_water_one_cm":1053,"minecraft:time_since_rest":98701,"minecraft:damage_taken":8547,"minecraft:swim_one_cm":612,"minecraft:fly_one_cm":2187369,"minecraft:open_chest":147,"minecraft:fall_one_cm":62218}},"DataVersion":2586}