{"stats":{"minecraft:dropped":{"tconstruct:seared_table":65,"minecraft:feather":1,"minecraft:lava_bucket":4,"minecraft:torch":1,"minecraft:bucket":1,"tconstruct:seared_bricks":389,"iceandfire:witherbone":2,"tconstruct:cobalt_block":65,"securitycraft:keypad_item":1,"tconstruct:sledge_hammer":1,"minecraft:diamond_boots":1,"minecraft:wooden_pickaxe":1,"minecraft:acacia_fence":2,"tconstruct:seared_faucet":128},"minecraft:killed":{"alexsmobs:seagull":1,"minecraft:iron_golem":2,"greekfantasy:empusa":2,"iceandfire:cockatrice":1,"minecraft:zombie":5,"alexsmobs:gazelle":2},"minecraft:custom":{"minecraft:mob_kills":13,"minecraft:interact_with_anvil":9,"minecraft:interact_with_crafting_table":4,"minecraft:open_barrel":5,"minecraft:leave_game":2,"minecraft:time_since_death":185316,"minecraft:climb_one_cm":1472,"minecraft:sprint_one_cm":285899,"minecraft:walk_one_cm":600781,"minecraft:drop":26,"minecraft:damage_dealt_absorbed":2,"minecraft:talked_to_villager":7,"minecraft:deaths":12,"minecraft:sneak_time":1774,"minecraft:walk_under_water_one_cm":535,"minecraft:jump":1303,"minecraft:walk_on_water_one_cm":5029,"minecraft:interact_with_furnace":18,"minecraft:play_one_minute":221987,"minecraft:sleep_in_bed":2,"minecraft:time_since_rest":39523,"minecraft:damage_taken":3785,"minecraft:damage_dealt":3190,"minecraft:swim_one_cm":612,"minecraft:fly_one_cm":1119610,"minecraft:open_chest":69,"minecraft:crouch_one_cm":5218,"tombstone:undead_killed":5,"minecraft:fall_one_cm":14687},"minecraft:used":{"minecraft:enchanting_table":1,"minecraft:flint_and_steel":1,"securitycraft:keypad_chest":17,"minecraft:chest":22,"minecraft:spruce_planks":2,"minecraft:stone":118,"minecraft:cooked_chicken":1,"minecraft:rotten_flesh":1,"tconstruct:seared_fuel_tank":1,"minecraft:torch":261,"tconstruct:seared_drain":10,"minecraft:dirt":1092,"minecraft:mutton":1,"minecraft:anvil":6,"securitycraft:keypad_item":1,"tconstruct:seared_bricks":127,"minecraft:obsidian":10,"tconstruct:seared_heater":3,"minecraft:wooden_axe":8,"minecraft:lava_bucket":1,"minecraft:bookshelf":22,"tconstruct:tinker_station":1,"tconstruct:seared_faucet":9,"paraglider:rito_goddess_statue":1,"minecraft:golden_carrot":6,"minecraft:furnace":15,"minecraft:acacia_fence":189,"tombstone:gift":2,"tconstruct:smeltery_controller":1,"tconstruct:part_builder":1,"minecraft:acacia_planks":12,"greekfantasy:flint_knife":49,"greekfantasy:marble":1,"minecraft:wheat_seeds":1,"minecraft:water_bucket":1,"spartanweaponry:longbow_gold":17,"minecraft:stone_pickaxe":54,"minecraft:oak_planks":1,"theabyss:sal_planks":1,"minecraft:wooden_pickaxe":6,"minecraft:diamond_axe":42,"minecraft:crafting_table":1,"minecraft:white_bed":3,"tconstruct:seared_basin":1,"minecraft:diamond_pickaxe":789,"minecraft:diamond_shovel":11,"minecraft:command_block":1,"minecraft:bread":1,"tconstruct:seared_table":7,"tconstruct:seared_ingot_tank":7,"majruszs_difficulty:bandage":2,"tconstruct:seared_channel":2,"greekfantasy:terracotta_vase":1,"minecraft:diamond_sword":9,"minecraft:cobblestone":7,"tconstruct:crafting_station":1,"minecraft:bucket":1,"minecraft:yellow_bed":2,"minecraft:air":1,"tconstruct:seared_glass":97,"minecraft:cobweb":1},"minecraft:picked_up":{"minecraft:crafting_table":1,"iceandfire:witherbone":2,"greekfantasy:horn":1,"alexsmobs:gazelle_horn":2,"minecraft:white_carpet":1,"paraglider:rito_goddess_statue":1,"greekfantasy:limestone":1,"minecraft:poppy":16,"minecraft:sugar_cane":9,"theabyss:sal_shroom_log":36,"minecraft:phantom_membrane":3,"minecraft:furnace":1,"minecraft:stick":6,"minecraft:stone":640,"minecraft:acacia_fence":7,"byg:reeds":1,"minecraft:torch":27,"minecraft:acacia_log":5,"minecraft:diorite":2,"byg:cattail":3,"minecraft:brown_carpet":8,"theabyss:sal_planks":1,"minecraft:arrow":1,"minecraft:rotten_flesh":9,"minecraft:diamond_boots":1,"minecraft:gold_ingot":576,"minecraft:blaze_rod":20,"minecraft:mutton":1,"minecraft:skeleton_skull":1,"minecraft:cobblestone":606,"minecraft:stripped_oak_log":1,"tconstruct:seared_bricks":4,"minecraft:feather":2,"minecraft:salmon":1,"minecraft:andesite":4,"minecraft:leather":201,"minecraft:smoker":1,"minecraft:birch_planks":1,"minecraft:oak_log":2,"minecraft:yellow_bed":3,"minecraft:gunpowder":1,"minecraft:lapis_lazuli":160,"minecraft:dirt":25,"greekfantasy:reeds":4,"minecraft:bone":2,"greekfantasy:fiery_bat_wing":3,"minecraft:wheat_seeds":12,"minecraft:cooked_chicken":1,"minecraft:iron_ingot":587,"minecraft:acacia_sapling":4,"minecraft:gravel":1,"greekfantasy:cursed_hair":2,"minecraft:white_bed":3,"minecraft:spruce_log":1,"minecraft:stripped_acacia_log":3,"greekfantasy:terracotta_vase":2,"minecraft:diamond":229,"minecraft:granite":11,"minecraft:golden_apple":4,"tombstone:magic_scroll":1,"minecraft:oak_sapling":3,"minecraft:coal":583},"minecraft:killed_by":{"minecraft:zombie":11,"majruszs_difficulty:elite_skeleton":1},"minecraft:crafted":{"minecraft:oak_planks":12,"theabyss:sal_planks":144,"minecraft:stone_pickaxe":1,"minecraft:crafting_table":1,"minecraft:spruce_planks":4,"minecraft:wooden_pickaxe":1,"spartanweaponry:handle":4,"minecraft:air":0,"tconstruct:sword":7,"minecraft:stick":40,"minecraft:wooden_axe":1,"minecraft:acacia_planks":84,"tconstruct:cleaver":2},"minecraft:mined":{"minecraft:white_bed":4,"paraglider:rito_goddess_statue":1,"tconstruct:seared_bricks":4,"byg:cattail":3,"minecraft:granite":11,"minecraft:acacia_log":5,"minecraft:grass_block":3,"minecraft:furnace":1,"minecraft:acacia_stairs":1,"minecraft:andesite":4,"greekfantasy:reeds":4,"minecraft:stripped_acacia_log":3,"minecraft:stripped_oak_log":1,"theabyss:sal_planks":1,"minecraft:stone":780,"byg:reeds":1,"greekfantasy:terracotta_vase":3,"minecraft:smoker":1,"minecraft:brown_carpet":11,"minecraft:crafting_table":1,"minecraft:torch":2,"minecraft:tall_grass":1,"minecraft:cobblestone":4,"minecraft:sugar_cane":3,"minecraft:diorite":4,"minecraft:wall_torch":2,"minecraft:skeleton_skull":1,"greekfantasy:limestone":2,"minecraft:birch_planks":1,"minecraft:wheat":1,"minecraft:white_carpet":1,"minecraft:spruce_log":1,"minecraft:yellow_bed":3,"minecraft:grass":15,"minecraft:oak_log":2,"minecraft:coal_ore":6,"minecraft:acacia_fence":7,"minecraft:gravel":1,"minecraft:dirt":22,"theabyss:sal_shroom_log":36,"minecraft:oak_leaves":1}},"DataVersion":2586}