{"stats":{"minecraft:dropped":{"tconstruct:seared_table":65,"minecraft:feather":1,"minecraft:lava_bucket":4,"minecraft:torch":1,"minecraft:bucket":1,"tconstruct:seared_bricks":389,"iceandfire:witherbone":2,"tconstruct:cobalt_block":65,"tconstruct:cleaver":1,"securitycraft:keypad_item":1,"tconstruct:sledge_hammer":1,"minecraft:diamond_boots":1,"minecraft:wooden_pickaxe":1,"minecraft:acacia_fence":2,"tconstruct:seared_faucet":128},"minecraft:killed":{"greekfantasy:shade":1,"alexsmobs:raccoon":1,"alexsmobs:seagull":1,"minecraft:skeleton":1,"minecraft:cat":1,"minecraft:iron_golem":2,"greekfantasy:empusa":2,"iceandfire:cockatrice":1,"minecraft:zombie":6,"alexsmobs:gazelle":7,"minecraft:villager":1,"minecraft:enderman":1},"minecraft:custom":{"minecraft:mob_kills":25,"minecraft:interact_with_anvil":9,"minecraft:interact_with_crafting_table":4,"minecraft:open_barrel":5,"minecraft:leave_game":3,"minecraft:time_since_death":223545,"minecraft:climb_one_cm":1472,"minecraft:sprint_one_cm":340129,"minecraft:walk_one_cm":690453,"minecraft:drop":27,"minecraft:damage_dealt_absorbed":2,"minecraft:talked_to_villager":7,"minecraft:deaths":12,"minecraft:sneak_time":2445,"minecraft:walk_under_water_one_cm":864,"minecraft:jump":1759,"minecraft:walk_on_water_one_cm":5940,"minecraft:interact_with_furnace":18,"minecraft:play_one_minute":260216,"minecraft:sleep_in_bed":2,"minecraft:time_since_rest":77752,"minecraft:damage_taken":3823,"minecraft:damage_dealt":5058,"minecraft:swim_one_cm":612,"minecraft:fly_one_cm":1795987,"minecraft:open_chest":69,"minecraft:crouch_one_cm":6067,"tombstone:undead_killed":8,"tombstone:villager_killed":1,"minecraft:fall_one_cm":23121},"minecraft:used":{"minecraft:enchanting_table":1,"minecraft:flint_and_steel":61,"securitycraft:keypad_chest":17,"minecraft:chest":22,"minecraft:spruce_planks":2,"minecraft:stone":118,"minecraft:cooked_chicken":1,"minecraft:rotten_flesh":1,"tconstruct:seared_fuel_tank":1,"minecraft:torch":366,"tconstruct:seared_drain":10,"minecraft:dirt":1537,"minecraft:mutton":1,"minecraft:anvil":6,"securitycraft:keypad_item":1,"minecraft:stone_stairs":3,"tconstruct:seared_bricks":127,"minecraft:granite":2,"minecraft:obsidian":10,"tconstruct:seared_heater":3,"minecraft:wooden_axe":8,"minecraft:lava_bucket":1,"minecraft:bookshelf":22,"tconstruct:tinker_station":1,"tconstruct:seared_faucet":9,"paraglider:rito_goddess_statue":1,"minecraft:golden_carrot":7,"minecraft:furnace":15,"minecraft:acacia_fence":190,"tombstone:gift":2,"tconstruct:smeltery_controller":1,"tconstruct:part_builder":1,"minecraft:acacia_planks":12,"greekfantasy:flint_knife":49,"greekfantasy:marble":1,"minecraft:wheat_seeds":1,"minecraft:water_bucket":1,"spartanweaponry:longbow_gold":32,"minecraft:stone_pickaxe":54,"minecraft:oak_planks":1,"theabyss:sal_planks":1,"minecraft:wooden_pickaxe":6,"minecraft:diamond_axe":73,"minecraft:crafting_table":1,"minecraft:white_bed":3,"tconstruct:seared_basin":1,"minecraft:diamond_pickaxe":789,"minecraft:diamond_shovel":11,"minecraft:command_block":2,"minecraft:bread":1,"tconstruct:seared_table":7,"tconstruct:seared_ingot_tank":7,"majruszs_difficulty:bandage":9,"tconstruct:seared_channel":2,"greekfantasy:terracotta_vase":1,"minecraft:diamond_sword":9,"minecraft:cobblestone":7,"tconstruct:crafting_station":1,"minecraft:bucket":1,"minecraft:yellow_bed":2,"minecraft:air":1,"tconstruct:seared_glass":97,"minecraft:cobweb":1},"minecraft:picked_up":{"minecraft:crafting_table":1,"iceandfire:witherbone":2,"greekfantasy:horn":1,"alexsmobs:gazelle_horn":2,"minecraft:white_carpet":1,"tconstruct:cleaver":1,"paraglider:rito_goddess_statue":1,"greekfantasy:limestone":1,"minecraft:poppy":16,"minecraft:sugar_cane":9,"theabyss:sal_shroom_log":36,"minecraft:phantom_membrane":3,"minecraft:furnace":1,"minecraft:stick":9,"minecraft:stone":640,"minecraft:acacia_fence":8,"byg:reeds":1,"minecraft:torch":27,"minecraft:acacia_log":12,"tombstone:grave_dust":2,"minecraft:diorite":2,"byg:cattail":3,"minecraft:brown_carpet":8,"theabyss:sal_planks":1,"minecraft:arrow":3,"minecraft:rotten_flesh":9,"minecraft:diamond_boots":1,"minecraft:gold_ingot":576,"minecraft:blaze_rod":20,"minecraft:mutton":1,"minecraft:skeleton_skull":1,"minecraft:cobblestone":606,"minecraft:stripped_oak_log":1,"tconstruct:seared_bricks":4,"silentgear:flax_seeds":2,"minecraft:feather":2,"minecraft:salmon":1,"minecraft:andesite":4,"minecraft:leather":201,"alexsmobs:acacia_blossom":1,"minecraft:smoker":1,"minecraft:birch_planks":1,"minecraft:oak_log":11,"minecraft:yellow_bed":3,"minecraft:gunpowder":1,"minecraft:lapis_lazuli":160,"minecraft:dirt":34,"greekfantasy:reeds":4,"minecraft:bone":2,"greekfantasy:fiery_bat_wing":3,"minecraft:wheat_seeds":13,"minecraft:cooked_chicken":1,"minecraft:iron_ingot":587,"minecraft:acacia_sapling":5,"minecraft:gravel":1,"greekfantasy:cursed_hair":2,"minecraft:white_bed":3,"minecraft:spruce_log":1,"minecraft:stripped_acacia_log":3,"greekfantasy:terracotta_vase":2,"minecraft:diamond":229,"minecraft:granite":11,"minecraft:golden_apple":4,"tombstone:magic_scroll":1,"minecraft:oak_sapling":5,"minecraft:coal":583},"minecraft:killed_by":{"minecraft:zombie":11,"majruszs_difficulty:elite_skeleton":1},"minecraft:crafted":{"minecraft:oak_planks":12,"theabyss:sal_planks":144,"minecraft:stone_pickaxe":1,"minecraft:crafting_table":1,"minecraft:spruce_planks":4,"minecraft:wooden_pickaxe":1,"spartanweaponry:handle":4,"minecraft:air":0,"tconstruct:sword":7,"minecraft:stick":40,"minecraft:wooden_axe":1,"minecraft:acacia_planks":84,"tconstruct:cleaver":2},"minecraft:mined":{"minecraft:white_bed":4,"silentgear:wild_flax_plant":1,"paraglider:rito_goddess_statue":1,"tconstruct:seared_bricks":4,"byg:cattail":3,"minecraft:granite":11,"minecraft:acacia_log":15,"minecraft:grass_block":5,"minecraft:furnace":1,"minecraft:acacia_stairs":1,"minecraft:andesite":4,"greekfantasy:reeds":4,"minecraft:stripped_acacia_log":3,"minecraft:stripped_oak_log":1,"theabyss:sal_planks":1,"minecraft:stone":780,"byg:reeds":1,"minecraft:acacia_leaves":6,"greekfantasy:terracotta_vase":3,"minecraft:smoker":1,"minecraft:brown_carpet":11,"minecraft:crafting_table":1,"minecraft:torch":2,"minecraft:tall_grass":1,"minecraft:cobblestone":4,"minecraft:sugar_cane":3,"minecraft:diorite":4,"minecraft:wall_torch":2,"minecraft:skeleton_skull":1,"greekfantasy:limestone":2,"minecraft:birch_planks":1,"minecraft:wheat":1,"minecraft:white_carpet":1,"minecraft:spruce_log":1,"minecraft:yellow_bed":3,"minecraft:grass":18,"minecraft:oak_log":12,"minecraft:coal_ore":6,"minecraft:acacia_fence":8,"minecraft:gravel":1,"minecraft:dirt":22,"theabyss:sal_shroom_log":36,"minecraft:oak_leaves":4}},"DataVersion":2586}