{
  "cfm:recipes/cfm/spruce_kitchen_drawer": {
    "criteria": {
      "has_chest": "2024-07-08 18:43:02 +0000"
    },
    "done": true
  },
  "securitycraft:recipes/securitycraft/universal_block_remover": {
    "criteria": {
      "has_iron": "2024-07-08 18:08:02 +0000"
    },
    "done": true
  },
  "minecraft:recipes/tools/fishing_rod": {
    "criteria": {
      "has_string": "2024-07-08 18:37:21 +0000"
    },
    "done": true
  },
  "minecraft:recipes/decorations/smoker": {
    "criteria": {
      "has_furnace": "2024-07-08 18:06:42 +0000"
    },
    "done": true
  },
  "minecraft:recipes/food/cooked_mutton_from_campfire_cooking": {
    "criteria": {
      "has_mutton": "2024-07-08 16:50:57 +0000"
    },
    "done": true
  },
  "minecraft:recipes/redstone/lever": {
    "criteria": {
      "has_cobblestone": "2024-07-08 16:50:08 +0000"
    },
    "done": true
  },
  "minecraft:recipes/redstone/acacia_button": {
    "criteria": {
      "has_planks": "2024-07-08 16:47:55 +0000"
    },
    "done": true
  },
  "majruszs_difficulty:recipes/misc/bandage": {
    "criteria": {
      "has_string": "2024-07-08 18:37:21 +0000"
    },
    "done": true
  },
  "obscure_api:recipes/obscure_book": {
    "criteria": {
      "has_item": "2024-07-08 16:44:23 +0000"
    },
    "done": true
  },
  "cfm:recipes/cfm/yellow_cooler": {
    "criteria": {
      "has_chest": "2024-07-08 18:43:02 +0000"
    },
    "done": true
  },
  "minecraft:recipes/combat/iron_sword": {
    "criteria": {
      "has_iron_ingot": "2024-07-08 18:08:02 +0000"
    },
    "done": true
  },
  "tconstruct:tools/materials_and_you": {
    "criteria": {
      "crafted_book": "2024-07-08 16:44:23 +0000"
    },
    "done": true
  },
  "securitycraft:recipes/securitycraft/reinforced_andesite_with_vanilla_diorite": {
    "criteria": {
      "has_cobblestone": "2024-07-08 16:50:08 +0000"
    },
    "done": true
  },
  "securitycraft:recipes/securitycraft/sentry": {
    "criteria": {
      "has_iron": "2024-07-08 18:08:02 +0000"
    },
    "done": true
  },
  "minecraft:recipes/tools/iron_pickaxe": {
    "criteria": {
      "has_iron_ingot": "2024-07-08 18:08:02 +0000"
    },
    "done": true
  },
  "minecraft:recipes/combat/leather_helmet": {
    "criteria": {
      "has_leather": "2024-07-08 18:00:00 +0000"
    },
    "done": true
  },
  "cfm:recipes/cfm/stripped_acacia_chair": {
    "criteria": {
      "has_planks": "2024-07-08 16:46:47 +0000"
    },
    "done": true
  },
  "minecraft:recipes/decorations/crafting_table": {
    "criteria": {
      "has_planks": "2024-07-08 16:47:55 +0000"
    },
    "done": true
  },
  "minecraft:recipes/building_blocks/magenta_wool": {
    "criteria": {
      "has_white_wool": "2024-07-08 18:09:54 +0000"
    },
    "done": true
  },
  "minecraft:recipes/misc/melon_seeds": {
    "criteria": {
      "has_melon": "2024-07-08 17:50:35 +0000"
    },
    "done": true
  },
  "minecraft:recipes/decorations/ladder": {
    "criteria": {
      "has_stick": "2024-07-08 16:49:50 +0000"
    },
    "done": true
  },
  "iceandfire:iceandfire/root": {
    "criteria": {
      "tick": "2024-07-08 16:44:23 +0000"
    },
    "done": true
  },
  "cfm:recipes/cfm/stripped_acacia_table": {
    "criteria": {
      "has_planks": "2024-07-08 16:46:47 +0000"
    },
    "done": true
  },
  "minecraft:recipes/decorations/chest": {
    "criteria": {
      "has_lots_of_items": "2024-07-08 16:49:32 +0000"
    },
    "done": true
  },
  "cfm:recipes/cfm/diorite_table": {
    "criteria": {
      "has_planks": "2024-07-08 18:18:33 +0000"
    },
    "done": true
  },
  "minecraft:recipes/tools/wooden_shovel": {
    "criteria": {
      "has_stick": "2024-07-08 16:49:50 +0000"
    },
    "done": true
  },
  "minecraft:recipes/decorations/torch": {
    "criteria": {
      "has_stone_pickaxe": "2024-07-08 18:04:35 +0000"
    },
    "done": true
  },
  "betterendforge:recipes/betterendforge/thallasium_pickaxe_smithing": {
    "criteria": {
      "has_stick": "2024-07-08 16:49:50 +0000"
    },
    "done": true
  },
  "minecraft:recipes/tools/shears": {
    "criteria": {
      "has_iron_ingot": "2024-07-08 18:08:02 +0000"
    },
    "done": true
  },
  "betterendforge:recipes/betterendforge/terminite_hammer_smithing": {
    "criteria": {
      "has_stick": "2024-07-08 16:49:50 +0000"
    },
    "done": true
  },
  "minecraft:recipes/misc/stick": {
    "criteria": {
      "has_planks": "2024-07-08 16:47:55 +0000"
    },
    "done": true
  },
  "cfm:recipes/cfm/acacia_cabinet": {
    "criteria": {
      "has_log": "2024-07-08 16:46:47 +0000"
    },
    "done": true
  },
  "minecraft:recipes/misc/iron_ingot_from_blasting": {
    "criteria": {
      "has_iron_ore": "2024-07-08 18:06:16 +0000"
    },
    "done": true
  },
  "betterendforge:recipes/betterendforge/iron_hammer": {
    "criteria": {
      "has_iron_ingot": "2024-07-08 18:08:02 +0000"
    },
    "done": true
  },
  "cfm:recipes/cfm/brown_grill": {
    "criteria": {
      "has_iron": "2024-07-08 18:08:02 +0000"
    },
    "done": true
  },
  "cfm:recipes/cfm/green_grill": {
    "criteria": {
      "has_iron": "2024-07-08 18:08:02 +0000"
    },
    "done": true
  },
  "minecraft:recipes/redstone/dispenser": {
    "criteria": {
      "has_bow": "2024-07-08 18:47:15 +0000"
    },
    "done": true
  },
  "cfm:recipes/cfm/diorite_chair": {
    "criteria": {
      "has_planks": "2024-07-08 18:18:33 +0000"
    },
    "done": true
  },
  "cfm:recipes/cfm/pink_kitchen_drawer": {
    "criteria": {
      "has_chest": "2024-07-08 18:43:02 +0000"
    },
    "done": true
  },
  "spartanweaponry:recipes/spartanweaponry.basic/parrying_dagger_wood": {
    "criteria": {
      "has_wood": "2024-07-08 16:47:55 +0000"
    },
    "done": true
  },
  "cfm:recipes/cfm/lime_kitchen_drawer": {
    "criteria": {
      "has_chest": "2024-07-08 18:43:02 +0000"
    },
    "done": true
  },
  "cfm:recipes/cfm/dark_oak_kitchen_drawer": {
    "criteria": {
      "has_chest": "2024-07-08 18:43:02 +0000"
    },
    "done": true
  },
  "securitycraft:recipes/securitycraft/electrified_iron_fence": {
    "criteria": {
      "has_iron": "2024-07-08 18:08:02 +0000"
    },
    "done": true
  },
  "minecraft:recipes/building_blocks/emerald_block": {
    "criteria": {
      "has_emerald": "2024-07-08 16:50:07 +0000"
    },
    "done": true
  },
  "minecraft:recipes/food/cake": {
    "criteria": {
      "has_egg": "2024-07-08 17:49:39 +0000"
    },
    "done": true
  },
  "cfm:recipes/cfm/acacia_kitchen_counter": {
    "criteria": {
      "has_log": "2024-07-08 16:46:47 +0000"
    },
    "done": true
  },
  "securitycraft:recipes/securitycraft/reinforced_dark_oak_fence_gate": {
    "criteria": {
      "has_stick": "2024-07-08 16:49:50 +0000"
    },
    "done": true
  },
  "securitycraft:recipes/securitycraft/reinforced_andesite_with_vanilla_cobblestone": {
    "criteria": {
      "has_cobblestone": "2024-07-08 16:50:08 +0000"
    },
    "done": true
  },
  "spartanweaponry:recipes/spartanweaponry.basic/flanged_mace_iron": {
    "criteria": {
      "has_iron_ingot": "2024-07-08 18:08:02 +0000"
    },
    "done": true
  },
  "cfm:recipes/cfm/red_cooler": {
    "criteria": {
      "has_chest": "2024-07-08 18:43:02 +0000"
    },
    "done": true
  },
  "minecraft:recipes/combat/iron_leggings": {
    "criteria": {
      "has_iron_ingot": "2024-07-08 18:08:02 +0000"
    },
    "done": true
  },
  "forbidden_arcanus:recipes/forbidden_arcanus/stone_blacksmith_gavel": {
    "criteria": {
      "has_item": "2024-07-08 16:50:08 +0000"
    },
    "done": true
  },
  "minecraft:recipes/combat/shield": {
    "criteria": {
      "has_iron_ingot": "2024-07-08 18:08:02 +0000"
    },
    "done": true
  },
  "silentgear:recipes/silentgear/dried_sinew": {
    "criteria": {
      "has_item": "2024-07-08 18:01:06 +0000"
    },
    "done": true
  },
  "minecraft:recipes/building_blocks/cobblestone_slab": {
    "criteria": {
      "has_cobblestone": "2024-07-08 16:50:08 +0000"
    },
    "done": true
  },
  "cfm:recipes/cfm/gray_kitchen_drawer": {
    "criteria": {
      "has_chest": "2024-07-08 18:43:02 +0000"
    },
    "done": true
  },
  "cfm:recipes/cfm/oak_bedside_cabinet": {
    "criteria": {
      "has_log": "2024-07-08 16:47:05 +0000"
    },
    "done": true
  },
  "minecraft:recipes/decorations/gray_bed": {
    "criteria": {
      "has_gray_wool": "2024-07-08 18:51:18 +0000"
    },
    "done": true
  },
  "minecraft:recipes/redstone/hopper": {
    "criteria": {
      "has_iron_ingot": "2024-07-08 18:08:02 +0000"
    },
    "done": true
  },
  "spartanweaponry:recipes/spartanweaponry.basic/javelin_stone": {
    "criteria": {
      "has_cobblestone": "2024-07-08 16:50:08 +0000"
    },
    "done": true
  },
  "spartanweaponry:recipes/spartanweaponry.basic/saber_iron": {
    "criteria": {
      "has_iron_ingot": "2024-07-08 18:08:02 +0000"
    },
    "done": true
  },
  "cfm:recipes/cfm/orange_grill": {
    "criteria": {
      "has_iron": "2024-07-08 18:08:02 +0000"
    },
    "done": true
  },
  "greekfantasy:root": {
    "criteria": {
      "inv_changed": "2024-07-08 16:44:23 +0000"
    },
    "done": true
  },
  "cfm:recipes/cfm/diving_board": {
    "criteria": {
      "has_wheat": "2024-07-08 16:50:29 +0000"
    },
    "done": true
  },
  "securitycraft:recipes/securitycraft/reinforced_spruce_fence_gate": {
    "criteria": {
      "has_stick": "2024-07-08 16:49:50 +0000"
    },
    "done": true
  },
  "cfm:recipes/cfm/blue_grill": {
    "criteria": {
      "has_iron": "2024-07-08 18:08:02 +0000"
    },
    "done": true
  },
  "cfm:recipes/cfm/stripped_acacia_kitchen_counter": {
    "criteria": {
      "has_log": "2024-07-08 16:46:47 +0000"
    },
    "done": true
  },
  "cfm:recipes/cfm/acacia_crate": {
    "criteria": {
      "has_log": "2024-07-08 16:46:47 +0000"
    },
    "done": true
  },
  "minecraft:recipes/combat/leather_leggings": {
    "criteria": {
      "has_leather": "2024-07-08 18:00:00 +0000"
    },
    "done": true
  },
  "minecraft:recipes/food/cooked_mutton_from_grill_cooking": {
    "criteria": {
      "has_mutton": "2024-07-08 16:50:57 +0000"
    },
    "done": true
  },
  "securitycraft:recipes/securitycraft/security_camera": {
    "criteria": {
      "has_iron": "2024-07-08 18:08:02 +0000"
    },
    "done": true
  },
  "minecraft:recipes/redstone/lectern": {
    "criteria": {
      "has_book": "2024-07-08 18:33:13 +0000"
    },
    "done": true
  },
  "securitycraft:recipes/securitycraft/door_indestructible_iron_item": {
    "criteria": {
      "has_iron": "2024-07-08 18:08:02 +0000"
    },
    "done": true
  },
  "minecraft:recipes/decorations/acacia_fence": {
    "criteria": {
      "has_planks": "2024-07-08 16:47:55 +0000"
    },
    "done": true
  },
  "cfm:recipes/cfm/purple_grill": {
    "criteria": {
      "has_iron": "2024-07-08 18:08:02 +0000"
    },
    "done": true
  },
  "minecraft:recipes/decorations/magenta_bed_from_white_bed": {
    "criteria": {
      "has_bed": "2024-07-08 18:17:10 +0000"
    },
    "done": true
  },
  "spartanweaponry:recipes/spartanweaponry.basic/tomahawk_wood": {
    "criteria": {
      "has_wood": "2024-07-08 16:47:55 +0000"
    },
    "done": true
  },
  "minecraft:recipes/decorations/iron_bars": {
    "criteria": {
      "has_iron_ingot": "2024-07-08 18:08:02 +0000"
    },
    "done": true
  },
  "betterendforge:recipes/betterendforge/thallasium_sword_handle_smithing": {
    "criteria": {
      "has_stick": "2024-07-08 16:49:50 +0000"
    },
    "done": true
  },
  "cfm:recipes/cfm/brown_cooler": {
    "criteria": {
      "has_chest": "2024-07-08 18:43:02 +0000"
    },
    "done": true
  },
  "securitycraft:recipes/securitycraft/reinforced_crimson_fence_gate": {
    "criteria": {
      "has_stick": "2024-07-08 16:49:50 +0000"
    },
    "done": true
  },
  "minecraft:recipes/building_blocks/blue_wool": {
    "criteria": {
      "has_white_wool": "2024-07-08 18:09:54 +0000"
    },
    "done": true
  },
  "spartanweaponry:recipes/spartanweaponry.basic/dagger_wood": {
    "criteria": {
      "has_wood": "2024-07-08 16:47:55 +0000"
    },
    "done": true
  },
  "betterendforge:recipes/betterendforge/terminite_pickaxe_smithing": {
    "criteria": {
      "has_stick": "2024-07-08 16:49:50 +0000"
    },
    "done": true
  },
  "cfm:recipes/cfm/magenta_kitchen_drawer": {
    "criteria": {
      "has_chest": "2024-07-08 18:43:02 +0000"
    },
    "done": true
  },
  "cfm:recipes/cfm/brown_kitchen_drawer": {
    "criteria": {
      "has_chest": "2024-07-08 18:43:02 +0000"
    },
    "done": true
  },
  "majruszs_difficulty:progressive_difficulty/normal_mode": {
    "criteria": {
      "game_state": "2024-07-08 16:44:23 +0000"
    },
    "done": true
  },
  "betterendforge:recipes/betterendforge/leather_to_stripes": {
    "criteria": {
      "has_leather": "2024-07-08 18:00:00 +0000"
    },
    "done": true
  },
  "securitycraft:recipes/securitycraft/reinforced_jungle_fence": {
    "criteria": {
      "has_stick": "2024-07-08 16:49:50 +0000"
    },
    "done": true
  },
  "minecraft:adventure/sleep_in_bed": {
    "criteria": {
      "slept_in_bed": "2024-07-08 18:44:55 +0000"
    },
    "done": true
  },
  "spartanweaponry:recipes/spartanweaponry.basic/club_wood": {
    "criteria": {
      "has_wood_log": "2024-07-08 16:46:47 +0000"
    },
    "done": true
  },
  "spartanweaponry:recipes/spartanweaponry.basic/glaive_stone": {
    "criteria": {
      "has_cobblestone": "2024-07-08 16:50:08 +0000"
    },
    "done": true
  },
  "minecraft:recipes/building_blocks/cobblestone_slab_from_cobblestone_stonecutting": {
    "criteria": {
      "has_cobblestone": "2024-07-08 16:50:08 +0000"
    },
    "done": true
  },
  "spartanweaponry:recipes/spartanweaponry.basic/spear_wood": {
    "criteria": {
      "has_wood": "2024-07-08 16:47:55 +0000"
    },
    "done": true
  },
  "minecraft:recipes/building_blocks/oak_stairs": {
    "criteria": {
      "has_planks": "2024-07-08 16:49:50 +0000"
    },
    "done": true
  },
  "cfm:recipes/cfm/oak_kitchen_drawer": {
    "criteria": {
      "has_log": "2024-07-08 16:47:05 +0000"
    },
    "done": true
  },
  "spartanweaponry:recipes/spartanweaponry.basic/rapier_stone": {
    "criteria": {
      "has_cobblestone": "2024-07-08 16:50:08 +0000"
    },
    "done": true
  },
  "cfm:recipes/cfm/stripped_oak_coffee_table": {
    "criteria": {
      "has_planks": "2024-07-08 16:47:05 +0000"
    },
    "done": true
  },
  "cfm:recipes/cfm/stripped_oak_cabinet": {
    "criteria": {
      "has_log": "2024-07-08 16:47:05 +0000"
    },
    "done": true
  },
  "minecraft:recipes/transportation/acacia_boat": {
    "criteria": {
      "in_water": "2024-07-08 16:48:13 +0000"
    },
    "done": true
  },
  "minecraft:recipes/redstone/iron_trapdoor": {
    "criteria": {
      "has_iron_ingot": "2024-07-08 18:08:02 +0000"
    },
    "done": true
  },
  "packedup:basic_backpack": {
    "criteria": {
      "has_backpack": "2024-07-08 19:08:30 +0000"
    },
    "done": true
  },
  "spartanweaponry:recipes/spartanweaponry.basic/handle_from_leather": {
    "criteria": {
      "has_stick": "2024-07-08 16:49:50 +0000"
    },
    "done": true
  },
  "minecraft:adventure/root": {
    "criteria": {
      "killed_by_something": "2024-07-08 17:49:17 +0000"
    },
    "done": true
  },
  "securitycraft:recipes/securitycraft/storage_module": {
    "criteria": {
      "has_iron": "2024-07-08 18:08:02 +0000"
    },
    "done": true
  },
  "minecraft:recipes/decorations/gray_bed_from_white_bed": {
    "criteria": {
      "has_bed": "2024-07-08 18:17:10 +0000"
    },
    "done": true
  },
  "minecraft:recipes/building_blocks/white_wool_from_string": {
    "criteria": {
      "has_string": "2024-07-08 18:37:21 +0000"
    },
    "done": true
  },
  "cfm:recipes/cfm/stripped_oak_desk_cabinet": {
    "criteria": {
      "has_planks": "2024-07-08 16:47:05 +0000"
    },
    "done": true
  },
  "cfm:recipes/cfm/acacia_kitchen_sink_dark": {
    "criteria": {
      "has_bottom": "2024-07-08 16:47:55 +0000"
    },
    "done": true
  },
  "minecraft:adventure/kill_all_mobs": {
    "criteria": {
      "minecraft:skeleton": "2024-07-08 18:31:32 +0000",
      "minecraft:creeper": "2024-07-08 19:06:25 +0000",
      "minecraft:zombie": "2024-07-08 18:09:21 +0000"
    },
    "done": false
  },
  "paraglider:recipes/paraglider/cosmetic/deku_leaf": {
    "criteria": {
      "has_paragliders": "2024-07-08 18:11:12 +0000"
    },
    "done": true
  },
  "minecraft:recipes/food/cooked_beef_from_smoking": {
    "criteria": {
      "has_beef": "2024-07-08 17:59:39 +0000"
    },
    "done": true
  },
  "spartanweaponry:recipes/spartanweaponry.basic/pike_iron": {
    "criteria": {
      "has_iron_ingot": "2024-07-08 18:08:02 +0000"
    },
    "done": true
  },
  "minecraft:recipes/decorations/pink_bed_from_white_bed": {
    "criteria": {
      "has_bed": "2024-07-08 18:17:10 +0000"
    },
    "done": true
  },
  "minecraft:recipes/food/cooked_chicken_from_campfire_cooking": {
    "criteria": {
      "has_chicken": "2024-07-08 18:49:05 +0000"
    },
    "done": true
  },
  "minecraft:recipes/brewing/glistering_melon_slice": {
    "criteria": {
      "has_melon": "2024-07-08 17:50:35 +0000"
    },
    "done": true
  },
  "minecraft:recipes/misc/iron_nugget_from_smelting": {
    "criteria": {
      "has_iron_pickaxe": "2024-07-08 18:12:41 +0000"
    },
    "done": true
  },
  "minecraft:recipes/food/cooked_mutton_from_smoking": {
    "criteria": {
      "has_mutton": "2024-07-08 16:50:57 +0000"
    },
    "done": true
  },
  "spartanweaponry:recipes/spartanweaponry.basic/lance_iron": {
    "criteria": {
      "has_iron_ingot": "2024-07-08 18:08:02 +0000"
    },
    "done": true
  },
  "spartanweaponry:recipes/spartanweaponry.basic/javelin_iron": {
    "criteria": {
      "has_iron_ingot": "2024-07-08 18:08:02 +0000"
    },
    "done": true
  },
  "cfm:recipes/cfm/pink_grill": {
    "criteria": {
      "has_iron": "2024-07-08 18:08:02 +0000"
    },
    "done": true
  },
  "minecraft:recipes/decorations/chain": {
    "criteria": {
      "has_iron_ingot": "2024-07-08 18:08:02 +0000"
    },
    "done": true
  },
  "spartanweaponry:recipes/spartanweaponry.basic/dagger_stone": {
    "criteria": {
      "has_cobblestone": "2024-07-08 16:50:08 +0000"
    },
    "done": true
  },
  "securitycraft:recipes/securitycraft/reinforced_warped_fence_gate": {
    "criteria": {
      "has_stick": "2024-07-08 16:49:50 +0000"
    },
    "done": true
  },
  "spartanweaponry:recipes/spartanweaponry.basic/quarterstaff_stone": {
    "criteria": {
      "has_cobblestone": "2024-07-08 16:50:08 +0000"
    },
    "done": true
  },
  "securitycraft:recipes/securitycraft/reinforced_dispenser": {
    "criteria": {
      "has_bow": "2024-07-08 18:47:15 +0000"
    },
    "done": true
  },
  "cfm:recipes/cfm/magenta_grill": {
    "criteria": {
      "has_iron": "2024-07-08 18:08:02 +0000"
    },
    "done": true
  },
  "minecraft:recipes/decorations/red_stained_glass_pane_from_glass_pane": {
    "criteria": {
      "has_red_dye": "2024-07-08 18:17:48 +0000"
    },
    "done": true
  },
  "minecraft:recipes/decorations/oak_fence": {
    "criteria": {
      "has_planks": "2024-07-08 16:49:50 +0000"
    },
    "done": true
  },
  "paraglider:root": {
    "criteria": {
      "crafting_table": "2024-07-08 16:47:57 +0000"
    },
    "done": true
  },
  "spartanweaponry:recipes/spartanweaponry.basic/warhammer_wood": {
    "criteria": {
      "has_wood": "2024-07-08 16:47:55 +0000"
    },
    "done": true
  },
  "spartanweaponry:recipes/spartanweaponry.basic/warhammer_stone": {
    "criteria": {
      "has_cobblestone": "2024-07-08 16:50:08 +0000"
    },
    "done": true
  },
  "betterendforge:recipes/betterendforge/terminite_sword_handle_smithing": {
    "criteria": {
      "has_stick": "2024-07-08 16:49:50 +0000"
    },
    "done": true
  },
  "minecraft:recipes/food/cooked_porkchop": {
    "criteria": {
      "has_porkchop": "2024-07-08 18:09:32 +0000"
    },
    "done": true
  },
  "minecraft:recipes/building_blocks/oak_slab": {
    "criteria": {
      "has_planks": "2024-07-08 16:49:50 +0000"
    },
    "done": true
  },
  "spartanweaponry:recipes/spartanweaponry.basic/heavy_crossbow_wood": {
    "criteria": {
      "has_wood": "2024-07-08 16:47:55 +0000"
    },
    "done": true
  },
  "betterendforge:recipes/betterendforge/thallasium_hammer_smithing": {
    "criteria": {
      "has_stick": "2024-07-08 16:49:50 +0000"
    },
    "done": true
  },
  "spartanweaponry:recipes/spartanweaponry.basic/throwing_knife_stone": {
    "criteria": {
      "has_cobblestone": "2024-07-08 16:50:08 +0000"
    },
    "done": true
  },
  "securitycraft:recipes/securitycraft/reinforced_crimson_fence": {
    "criteria": {
      "has_stick": "2024-07-08 16:49:50 +0000"
    },
    "done": true
  },
  "cfm:recipes/cfm/stripped_oak_park_bench": {
    "criteria": {
      "has_log": "2024-07-08 16:47:05 +0000"
    },
    "done": true
  },
  "spartanweaponry:recipes/spartanweaponry.basic/scythe_stone": {
    "criteria": {
      "has_cobblestone": "2024-07-08 16:50:08 +0000"
    },
    "done": true
  },
  "minecraft:recipes/food/cooked_porkchop_from_campfire_cooking": {
    "criteria": {
      "has_porkchop": "2024-07-08 18:09:32 +0000"
    },
    "done": true
  },
  "minecraft:recipes/misc/pink_dye_from_red_white_dye": {
    "criteria": {
      "has_red_dye": "2024-07-08 18:17:48 +0000"
    },
    "done": true
  },
  "spartanweaponry:recipes/spartanweaponry.basic/handle_from_wool": {
    "criteria": {
      "has_stick": "2024-07-08 16:49:50 +0000"
    },
    "done": true
  },
  "betterendforge:recipes/betterendforge/thallasium_shovel_smithing": {
    "criteria": {
      "has_stick": "2024-07-08 16:49:50 +0000"
    },
    "done": true
  },
  "minecraft:recipes/building_blocks/black_wool": {
    "criteria": {
      "has_white_wool": "2024-07-08 18:09:54 +0000"
    },
    "done": true
  },
  "silentgear:recipes/silentgear/emerald_shard": {
    "criteria": {
      "has_item": "2024-07-08 16:50:07 +0000"
    },
    "done": true
  },
  "cfm:recipes/cfm/crimson_kitchen_drawer": {
    "criteria": {
      "has_chest": "2024-07-08 18:43:02 +0000"
    },
    "done": true
  },
  "minecraft:recipes/redstone/acacia_pressure_plate": {
    "criteria": {
      "has_planks": "2024-07-08 16:47:55 +0000"
    },
    "done": true
  },
  "minecraft:recipes/building_blocks/diorite_stairs_from_diorite_stonecutting": {
    "criteria": {
      "has_diorite": "2024-07-08 18:18:33 +0000"
    },
    "done": true
  },
  "spartanweaponry:recipes/spartanweaponry.basic/rapier_wood": {
    "criteria": {
      "has_wood": "2024-07-08 16:47:55 +0000"
    },
    "done": true
  },
  "cfm:recipes/cfm/stripped_acacia_crate": {
    "criteria": {
      "has_planks": "2024-07-08 16:46:47 +0000"
    },
    "done": true
  },
  "minecraft:recipes/food/cooked_chicken_from_grill_cooking": {
    "criteria": {
      "has_chicken": "2024-07-08 18:49:05 +0000"
    },
    "done": true
  },
  "spartanweaponry:recipes/spartanweaponry.basic/glaive_iron": {
    "criteria": {
      "has_iron_ingot": "2024-07-08 18:08:02 +0000"
    },
    "done": true
  },
  "cfm:recipes/cfm/diorite_desk": {
    "criteria": {
      "has_planks": "2024-07-08 18:18:33 +0000"
    },
    "done": true
  },
  "cfm:recipes/cfm/stripped_spruce_kitchen_drawer": {
    "criteria": {
      "has_chest": "2024-07-08 18:43:02 +0000"
    },
    "done": true
  },
  "cfm:recipes/cfm/pink_cooler": {
    "criteria": {
      "has_chest": "2024-07-08 18:43:02 +0000"
    },
    "done": true
  },
  "cfm:recipes/cfm/stripped_oak_crate": {
    "criteria": {
      "has_planks": "2024-07-08 16:47:05 +0000"
    },
    "done": true
  },
  "cfm:recipes/cfm/cyan_kitchen_drawer": {
    "criteria": {
      "has_chest": "2024-07-08 18:43:02 +0000"
    },
    "done": true
  },
  "minecraft:recipes/building_blocks/iron_block": {
    "criteria": {
      "has_iron_ingot": "2024-07-08 18:08:02 +0000"
    },
    "done": true
  },
  "minecraft:recipes/decorations/light_gray_bed": {
    "criteria": {
      "has_light_gray_wool": "2024-07-08 18:10:03 +0000"
    },
    "done": true
  },
  "cfm:recipes/cfm/fridge_dark": {
    "criteria": {
      "has_iron": "2024-07-08 18:08:02 +0000"
    },
    "done": true
  },
  "cfm:recipes/cfm/oak_chair": {
    "criteria": {
      "has_log": "2024-07-08 16:47:05 +0000"
    },
    "done": true
  },
  "minecraft:recipes/misc/red_dye_from_poppy": {
    "criteria": {
      "has_red_flower": "2024-07-08 18:17:30 +0000"
    },
    "done": true
  },
  "cfm:recipes/cfm/blue_cooler": {
    "criteria": {
      "has_chest": "2024-07-08 18:43:02 +0000"
    },
    "done": true
  },
  "minecraft:recipes/building_blocks/acacia_wood": {
    "criteria": {
      "has_log": "2024-07-08 16:46:47 +0000"
    },
    "done": true
  },
  "packedup:recipes/packedup/iron_from_basic": {
    "criteria": {
      "recipe_condition": "2024-07-08 19:08:30 +0000"
    },
    "done": true
  },
  "spartanweaponry:recipes/spartanweaponry.arrows_bolts/arrow_wood": {
    "criteria": {
      "has_feather": "2024-07-08 17:49:08 +0000"
    },
    "done": true
  },
  "cfm:recipes/cfm/acacia_kitchen_sink_light": {
    "criteria": {
      "has_bottom": "2024-07-08 16:47:55 +0000"
    },
    "done": true
  },
  "securitycraft:recipes/securitycraft/reinforced_birch_fence": {
    "criteria": {
      "has_stick": "2024-07-08 16:49:50 +0000"
    },
    "done": true
  },
  "minecraft:recipes/building_blocks/light_blue_wool": {
    "criteria": {
      "has_white_wool": "2024-07-08 18:09:54 +0000"
    },
    "done": true
  },
  "cfm:recipes/cfm/blue_kitchen_drawer": {
    "criteria": {
      "has_chest": "2024-07-08 18:43:02 +0000"
    },
    "done": true
  },
  "minecraft:recipes/combat/wooden_sword": {
    "criteria": {
      "has_stick": "2024-07-08 16:49:50 +0000"
    },
    "done": true
  },
  "minecraft:recipes/decorations/gray_banner": {
    "criteria": {
      "has_gray_wool": "2024-07-08 18:51:18 +0000"
    },
    "done": true
  },
  "minecraft:recipes/building_blocks/oak_planks": {
    "criteria": {
      "has_logs": "2024-07-08 16:47:05 +0000"
    },
    "done": true
  },
  "minecraft:recipes/decorations/light_gray_banner": {
    "criteria": {
      "has_light_gray_wool": "2024-07-08 18:10:03 +0000"
    },
    "done": true
  },
  "spartanweaponry:recipes/spartanweaponry.basic/battleaxe_iron": {
    "criteria": {
      "has_iron_ingot": "2024-07-08 18:08:02 +0000"
    },
    "done": true
  },
  "cfm:recipes/cfm/stripped_oak_kitchen_counter": {
    "criteria": {
      "has_log": "2024-07-08 16:47:05 +0000"
    },
    "done": true
  },
  "securitycraft:recipes/securitycraft/smart_module": {
    "criteria": {
      "has_iron": "2024-07-08 18:08:02 +0000"
    },
    "done": true
  },
  "minecraft:recipes/building_blocks/bookshelf": {
    "criteria": {
      "has_book": "2024-07-08 18:33:13 +0000"
    },
    "done": true
  },
  "securitycraft:recipes/securitycraft/block_change_detector": {
    "criteria": {
      "has_iron": "2024-07-08 18:08:02 +0000"
    },
    "done": true
  },
  "minecraft:recipes/tools/iron_axe": {
    "criteria": {
      "has_iron_ingot": "2024-07-08 18:08:02 +0000"
    },
    "done": true
  },
  "cfm:recipes/cfm/spruce_mail_box": {
    "criteria": {
      "has_chest": "2024-07-08 18:43:02 +0000"
    },
    "done": true
  },
  "tombstone:adventure/teleport_to_grave": {
    "criteria": {
      "coded_trigger": "2024-07-08 18:50:42 +0000"
    },
    "done": true
  },
  "cfm:recipes/cfm/purple_kitchen_drawer": {
    "criteria": {
      "has_chest": "2024-07-08 18:43:02 +0000"
    },
    "done": true
  },
  "minecraft:recipes/decorations/gray_carpet": {
    "criteria": {
      "has_gray_wool": "2024-07-08 18:51:18 +0000"
    },
    "done": true
  },
  "minecraft:recipes/redstone/tripwire_hook": {
    "criteria": {
      "has_string": "2024-07-08 18:37:21 +0000"
    },
    "done": true
  },
  "securitycraft:recipes/securitycraft/reinforced_acacia_fence": {
    "criteria": {
      "has_stick": "2024-07-08 16:49:50 +0000"
    },
    "done": true
  },
  "spartanweaponry:recipes/spartanweaponry.basic/battleaxe_stone": {
    "criteria": {
      "has_cobblestone": "2024-07-08 16:50:08 +0000"
    },
    "done": true
  },
  "minecraft:recipes/combat/iron_boots": {
    "criteria": {
      "has_iron_ingot": "2024-07-08 18:08:02 +0000"
    },
    "done": true
  },
  "spartanweaponry:recipes/spartanweaponry.arrows_bolts/arrow_diamond": {
    "criteria": {
      "has_feather": "2024-07-08 17:49:08 +0000"
    },
    "done": true
  },
  "minecraft:recipes/misc/bone_meal": {
    "criteria": {
      "has_bone": "2024-07-08 18:31:32 +0000"
    },
    "done": true
  },
  "spartanweaponry:recipes/spartanweaponry.basic/tomahawk_iron": {
    "criteria": {
      "has_iron_ingot": "2024-07-08 18:08:02 +0000"
    },
    "done": true
  },
  "spartanweaponry:recipes/spartanweaponry.basic/katana_iron": {
    "criteria": {
      "has_iron_ingot": "2024-07-08 18:08:02 +0000"
    },
    "done": true
  },
  "minecraft:story/iron_tools": {
    "criteria": {
      "iron_pickaxe": "2024-07-08 18:12:41 +0000"
    },
    "done": true
  },
  "cfm:recipes/cfm/orange_kitchen_drawer": {
    "criteria": {
      "has_chest": "2024-07-08 18:43:02 +0000"
    },
    "done": true
  },
  "paraglider:recipes/paraglider/paraglider": {
    "criteria": {
      "has_stick": "2024-07-08 16:49:50 +0000"
    },
    "done": true
  },
  "silentgear:recipes/silentgear/sinew_fiber": {
    "criteria": {
      "has_item": "2024-07-08 18:01:06 +0000"
    },
    "done": true
  },
  "minecraft:recipes/combat/crossbow": {
    "criteria": {
      "has_stick": "2024-07-08 16:49:50 +0000"
    },
    "done": true
  },
  "minecraft:recipes/combat/iron_chestplate": {
    "criteria": {
      "has_iron_ingot": "2024-07-08 18:08:02 +0000"
    },
    "done": true
  },
  "cfm:recipes/cfm/acacia_blinds": {
    "criteria": {
      "has_log": "2024-07-08 16:46:47 +0000"
    },
    "done": true
  },
  "minecraft:recipes/building_blocks/yellow_wool": {
    "criteria": {
      "has_white_wool": "2024-07-08 18:09:54 +0000"
    },
    "done": true
  },
  "cfm:recipes/cfm/acacia_table": {
    "criteria": {
      "has_log": "2024-07-08 16:46:47 +0000"
    },
    "done": true
  },
  "minecraft:recipes/decorations/oak_sign": {
    "criteria": {
      "has_oak_planks": "2024-07-08 16:49:50 +0000"
    },
    "done": true
  },
  "minecraft:recipes/food/cooked_porkchop_from_smoking": {
    "criteria": {
      "has_porkchop": "2024-07-08 18:09:32 +0000"
    },
    "done": true
  },
  "cfm:recipes/cfm/stripped_birch_mail_box": {
    "criteria": {
      "has_chest": "2024-07-08 18:43:02 +0000"
    },
    "done": true
  },
  "minecraft:recipes/redstone/oak_trapdoor": {
    "criteria": {
      "has_planks": "2024-07-08 16:49:50 +0000"
    },
    "done": true
  },
  "cfm:recipes/cfm/acacia_park_bench": {
    "criteria": {
      "has_log": "2024-07-08 16:46:47 +0000"
    },
    "done": true
  },
  "minecraft:recipes/building_blocks/polished_diorite_from_diorite_stonecutting": {
    "criteria": {
      "has_diorite": "2024-07-08 18:18:33 +0000"
    },
    "done": true
  },
  "silentgear:root": {
    "criteria": {
      "get_item": "2024-07-08 16:47:57 +0000"
    },
    "done": true
  },
  "minecraft:recipes/decorations/light_blue_bed_from_white_bed": {
    "criteria": {
      "has_bed": "2024-07-08 18:17:10 +0000"
    },
    "done": true
  },
  "cfm:recipes/cfm/stripped_oak_desk": {
    "criteria": {
      "has_planks": "2024-07-08 16:47:05 +0000"
    },
    "done": true
  },
  "cfm:recipes/cfm/stripped_oak_mail_box": {
    "criteria": {
      "has_chest": "2024-07-08 18:43:02 +0000"
    },
    "done": true
  },
  "minecraft:recipes/misc/iron_nugget_from_blasting": {
    "criteria": {
      "has_iron_pickaxe": "2024-07-08 18:12:41 +0000"
    },
    "done": true
  },
  "securitycraft:recipes/securitycraft/reinforced_diorite": {
    "criteria": {
      "has_cobblestone": "2024-07-08 16:50:08 +0000"
    },
    "done": true
  },
  "securitycraft:recipes/securitycraft/trophy_system": {
    "criteria": {
      "has_iron": "2024-07-08 18:08:02 +0000"
    },
    "done": true
  },
  "minecraft:adventure/kill_a_mob": {
    "criteria": {
      "minecraft:zombie": "2024-07-08 18:09:21 +0000"
    },
    "done": true
  },
  "securitycraft:recipes/securitycraft/camera_monitor": {
    "criteria": {
      "has_iron": "2024-07-08 18:08:02 +0000"
    },
    "done": true
  },
  "betterendforge:recipes/betterendforge/thallasium_hoe_smithing": {
    "criteria": {
      "has_stick": "2024-07-08 16:49:50 +0000"
    },
    "done": true
  },
  "silentgear:recipes/misc/emerald_from_shards": {
    "criteria": {
      "has_item": "2024-07-08 16:50:07 +0000"
    },
    "done": true
  },
  "minecraft:recipes/decorations/diorite_wall": {
    "criteria": {
      "has_diorite": "2024-07-08 18:18:33 +0000"
    },
    "done": true
  },
  "securitycraft:recipes/securitycraft/limited_use_keycard": {
    "criteria": {
      "has_iron": "2024-07-08 18:08:02 +0000"
    },
    "done": true
  },
  "tombstone:recipes/from_grave_dust": {
    "criteria": {
      "has_ingredient": "2024-07-08 17:52:31 +0000"
    },
    "done": true
  },
  "minecraft:recipes/building_blocks/stone": {
    "criteria": {
      "has_cobblestone": "2024-07-08 16:50:08 +0000"
    },
    "done": true
  },
  "spartanweaponry:recipes/spartanweaponry.basic/scythe_iron": {
    "criteria": {
      "has_iron_ingot": "2024-07-08 18:08:02 +0000"
    },
    "done": true
  },
  "minecraft:adventure/adventuring_time": {
    "criteria": {
      "minecraft:forest": "2024-07-08 17:49:46 +0000",
      "minecraft:desert": "2024-07-08 16:48:39 +0000",
      "minecraft:savanna_plateau": "2024-07-08 16:49:30 +0000",
      "minecraft:beach": "2024-07-08 16:44:56 +0000",
      "minecraft:river": "2024-07-08 18:11:24 +0000",
      "minecraft:wooded_hills": "2024-07-08 17:49:49 +0000",
      "minecraft:savanna": "2024-07-08 16:46:39 +0000",
      "minecraft:plains": "2024-07-08 16:44:23 +0000"
    },
    "done": false
  },
  "spartanweaponry:recipes/spartanweaponry.basic/greatsword_iron": {
    "criteria": {
      "has_iron_ingot": "2024-07-08 18:08:02 +0000"
    },
    "done": true
  },
  "minecraft:recipes/decorations/purple_bed_from_white_bed": {
    "criteria": {
      "has_bed": "2024-07-08 18:17:10 +0000"
    },
    "done": true
  },
  "spartanweaponry:recipes/spartanweaponry.basic/quarterstaff_wood": {
    "criteria": {
      "has_wood": "2024-07-08 16:47:55 +0000"
    },
    "done": true
  },
  "cfm:recipes/cfm/red_grill": {
    "criteria": {
      "has_iron": "2024-07-08 18:08:02 +0000"
    },
    "done": true
  },
  "spartanweaponry:recipes/spartanweaponry.basic/longbow_leather": {
    "criteria": {
      "has_leather": "2024-07-08 18:00:00 +0000"
    },
    "done": true
  },
  "securitycraft:recipes/securitycraft/whitelist_module": {
    "criteria": {
      "has_iron": "2024-07-08 18:08:02 +0000"
    },
    "done": true
  },
  "betterendforge:recipes/betterendforge/terminite_hoe_smithing": {
    "criteria": {
      "has_stick": "2024-07-08 16:49:50 +0000"
    },
    "done": true
  },
  "cfm:recipes/cfm/green_kitchen_drawer": {
    "criteria": {
      "has_chest": "2024-07-08 18:43:02 +0000"
    },
    "done": true
  },
  "minecraft:recipes/decorations/light_gray_carpet": {
    "criteria": {
      "has_light_gray_wool": "2024-07-08 18:10:03 +0000"
    },
    "done": true
  },
  "minecraft:recipes/combat/stone_sword": {
    "criteria": {
      "has_cobblestone": "2024-07-08 16:50:08 +0000"
    },
    "done": true
  },
  "minecraft:recipes/decorations/barrel": {
    "criteria": {
      "has_planks": "2024-07-08 16:47:55 +0000"
    },
    "done": true
  },
  "minecraft:recipes/decorations/cobblestone_wall": {
    "criteria": {
      "has_cobblestone": "2024-07-08 16:50:08 +0000"
    },
    "done": true
  },
  "securitycraft:recipes/securitycraft/reinforced_warped_fence": {
    "criteria": {
      "has_stick": "2024-07-08 16:49:50 +0000"
    },
    "done": true
  },
  "cfm:recipes/cfm/stone_cabinet": {
    "criteria": {
      "has_planks": "2024-07-08 16:50:08 +0000"
    },
    "done": true
  },
  "cfm:recipes/cfm/acacia_desk": {
    "criteria": {
      "has_log": "2024-07-08 16:46:47 +0000"
    },
    "done": true
  },
  "cfm:recipes/cfm/acacia_upgraded_gate": {
    "criteria": {
      "has_log": "2024-07-08 16:46:47 +0000"
    },
    "done": true
  },
  "minecraft:recipes/tools/stone_pickaxe": {
    "criteria": {
      "has_cobblestone": "2024-07-08 16:50:08 +0000"
    },
    "done": true
  },
  "minecraft:recipes/decorations/smithing_table": {
    "criteria": {
      "has_iron_ingot": "2024-07-08 18:08:02 +0000"
    },
    "done": true
  },
  "cfm:recipes/cfm/oak_desk_cabinet": {
    "criteria": {
      "has_log": "2024-07-08 16:47:05 +0000"
    },
    "done": true
  },
  "cfm:recipes/cfm/diorite_coffee_table": {
    "criteria": {
      "has_planks": "2024-07-08 18:18:33 +0000"
    },
    "done": true
  },
  "spartanweaponry:recipes/spartanweaponry.basic/halberd_iron": {
    "criteria": {
      "has_iron_ingot": "2024-07-08 18:08:02 +0000"
    },
    "done": true
  },
  "minecraft:husbandry/plant_seed": {
    "criteria": {
      "melon_stem": "2024-07-08 17:58:01 +0000"
    },
    "done": true
  },
  "minecraft:recipes/combat/leather_boots": {
    "criteria": {
      "has_leather": "2024-07-08 18:00:00 +0000"
    },
    "done": true
  },
  "minecraft:recipes/misc/purple_dye": {
    "criteria": {
      "has_red_dye": "2024-07-08 18:17:48 +0000"
    },
    "done": true
  },
  "minecraft:recipes/decorations/cobblestone_wall_from_cobblestone_stonecutting": {
    "criteria": {
      "has_cobblestone": "2024-07-08 16:50:08 +0000"
    },
    "done": true
  },
  "cfm:recipes/cfm/light_gray_cooler": {
    "criteria": {
      "has_chest": "2024-07-08 18:43:02 +0000"
    },
    "done": true
  },
  "spartanweaponry:recipes/spartanweaponry.basic/hammer_wood": {
    "criteria": {
      "has_wood": "2024-07-08 16:47:55 +0000"
    },
    "done": true
  },
  "cfm:recipes/cfm/stripped_dark_oak_mail_box": {
    "criteria": {
      "has_chest": "2024-07-08 18:43:02 +0000"
    },
    "done": true
  },
  "cfm:recipes/cfm/red_kitchen_drawer": {
    "criteria": {
      "has_chest": "2024-07-08 18:43:02 +0000"
    },
    "done": true
  },
  "cfm:recipes/cfm/black_grill": {
    "criteria": {
      "has_iron": "2024-07-08 18:08:02 +0000"
    },
    "done": true
  },
  "cfm:recipes/cfm/light_blue_kitchen_drawer": {
    "criteria": {
      "has_chest": "2024-07-08 18:43:02 +0000"
    },
    "done": true
  },
  "spartanweaponry:recipes/spartanweaponry.basic/longbow_iron": {
    "criteria": {
      "has_iron_ingot": "2024-07-08 18:08:02 +0000"
    },
    "done": true
  },
  "majruszs_difficulty:progressive_difficulty/expert_mode": {
    "criteria": {
      "game_state": "2024-07-08 16:44:23 +0000"
    },
    "done": true
  },
  "cfm:recipes/cfm/light_gray_sofa": {
    "criteria": {
      "has_wool": "2024-07-08 18:10:03 +0000"
    },
    "done": true
  },
  "minecraft:recipes/decorations/acacia_sign": {
    "criteria": {
      "has_acacia_planks": "2024-07-08 16:47:55 +0000"
    },
    "done": true
  },
  "dungeons_arise:wda_root": {
    "criteria": {
      "WDA": "2024-07-08 16:44:23 +0000"
    },
    "done": true
  },
  "cfm:recipes/cfm/stripped_dark_oak_kitchen_drawer": {
    "criteria": {
      "has_chest": "2024-07-08 18:43:02 +0000"
    },
    "done": true
  },
  "cfm:recipes/cfm/light_blue_cooler": {
    "criteria": {
      "has_chest": "2024-07-08 18:43:02 +0000"
    },
    "done": true
  },
  "minecraft:recipes/decorations/lantern": {
    "criteria": {
      "has_iron_ingot": "2024-07-08 18:08:02 +0000"
    },
    "done": true
  },
  "securitycraft:recipes/securitycraft/reinforced_oak_fence_gate": {
    "criteria": {
      "has_stick": "2024-07-08 16:49:50 +0000"
    },
    "done": true
  },
  "cfm:recipes/cfm/light_blue_grill": {
    "criteria": {
      "has_iron": "2024-07-08 18:08:02 +0000"
    },
    "done": true
  },
  "cfm:recipes/cfm/stripped_acacia_mail_box": {
    "criteria": {
      "has_chest": "2024-07-08 18:43:02 +0000"
    },
    "done": true
  },
  "cfm:recipes/cfm/post_box": {
    "criteria": {
      "has_iron": "2024-07-08 18:08:02 +0000"
    },
    "done": true
  },
  "spartanweaponry:recipes/spartanweaponry.basic/boomerang_iron": {
    "criteria": {
      "has_iron_ingot": "2024-07-08 18:08:02 +0000"
    },
    "done": true
  },
  "cfm:recipes/cfm/stripped_acacia_kitchen_drawer": {
    "criteria": {
      "has_log": "2024-07-08 16:46:47 +0000"
    },
    "done": true
  },
  "cfm:recipes/cfm/purple_cooler": {
    "criteria": {
      "has_chest": "2024-07-08 18:43:02 +0000"
    },
    "done": true
  },
  "cfm:recipes/cfm/stripped_jungle_kitchen_drawer": {
    "criteria": {
      "has_chest": "2024-07-08 18:43:02 +0000"
    },
    "done": true
  },
  "cfm:recipes/cfm/birch_kitchen_drawer": {
    "criteria": {
      "has_chest": "2024-07-08 18:43:02 +0000"
    },
    "done": true
  },
  "cfm:recipes/cfm/stone_table": {
    "criteria": {
      "has_planks": "2024-07-08 16:50:08 +0000"
    },
    "done": true
  },
  "minecraft:recipes/building_blocks/polished_diorite": {
    "criteria": {
      "has_stone": "2024-07-08 18:18:33 +0000"
    },
    "done": true
  },
  "minecraft:recipes/building_blocks/light_gray_wool": {
    "criteria": {
      "has_white_wool": "2024-07-08 18:09:54 +0000"
    },
    "done": true
  },
  "spartanweaponry:recipes/spartanweaponry.basic/lance_stone": {
    "criteria": {
      "has_cobblestone": "2024-07-08 16:50:08 +0000"
    },
    "done": true
  },
  "minecraft:recipes/food/cooked_chicken": {
    "criteria": {
      "has_chicken": "2024-07-08 18:49:05 +0000"
    },
    "done": true
  },
  "minecraft:recipes/decorations/red_bed_from_white_bed": {
    "criteria": {
      "has_bed": "2024-07-08 18:17:10 +0000"
    },
    "done": true
  },
  "minecraft:recipes/building_blocks/red_wool": {
    "criteria": {
      "has_white_wool": "2024-07-08 18:09:54 +0000"
    },
    "done": true
  },
  "minecraft:recipes/building_blocks/acacia_stairs": {
    "criteria": {
      "has_planks": "2024-07-08 16:47:55 +0000"
    },
    "done": true
  },
  "cfm:recipes/cfm/black_cooler": {
    "criteria": {
      "has_chest": "2024-07-08 18:43:02 +0000"
    },
    "done": true
  },
  "minecraft:recipes/misc/orange_dye_from_red_yellow": {
    "criteria": {
      "has_red_dye": "2024-07-08 18:17:48 +0000"
    },
    "done": true
  },
  "minecraft:recipes/tools/stone_axe": {
    "criteria": {
      "has_cobblestone": "2024-07-08 16:50:08 +0000"
    },
    "done": true
  },
  "minecraft:recipes/food/cooked_mutton": {
    "criteria": {
      "has_mutton": "2024-07-08 16:50:57 +0000"
    },
    "done": true
  },
  "securitycraft:recipes/securitycraft/disguise_module": {
    "criteria": {
      "has_iron": "2024-07-08 18:08:02 +0000"
    },
    "done": true
  },
  "cfm:recipes/cfm/stripped_acacia_coffee_table": {
    "criteria": {
      "has_planks": "2024-07-08 16:46:47 +0000"
    },
    "done": true
  },
  "spartanweaponry:recipes/spartanweaponry.basic/longsword_iron": {
    "criteria": {
      "has_iron_ingot": "2024-07-08 18:08:02 +0000"
    },
    "done": true
  },
  "securitycraft:recipes/securitycraft/reinforced_dark_oak_fence": {
    "criteria": {
      "has_stick": "2024-07-08 16:49:50 +0000"
    },
    "done": true
  },
  "alexsmobs:alexsmobs/emu": {
    "criteria": {
      "killed_by": "2024-07-08 17:56:55 +0000"
    },
    "done": true
  },
  "minecraft:recipes/building_blocks/purple_wool": {
    "criteria": {
      "has_white_wool": "2024-07-08 18:09:54 +0000"
    },
    "done": true
  },
  "minecraft:recipes/building_blocks/cobblestone_stairs_from_cobblestone_stonecutting": {
    "criteria": {
      "has_cobblestone": "2024-07-08 16:50:08 +0000"
    },
    "done": true
  },
  "cfm:recipes/cfm/white_cooler": {
    "criteria": {
      "has_chest": "2024-07-08 18:43:02 +0000"
    },
    "done": true
  },
  "minecraft:recipes/misc/writable_book": {
    "criteria": {
      "has_book": "2024-07-08 18:33:13 +0000"
    },
    "done": true
  },
  "minecraft:recipes/misc/wheat": {
    "criteria": {
      "has_hay_block": "2024-07-08 17:50:25 +0000"
    },
    "done": true
  },
  "minecraft:recipes/decorations/white_bed": {
    "criteria": {
      "has_white_wool": "2024-07-08 18:09:54 +0000"
    },
    "done": true
  },
  "securitycraft:recipes/securitycraft/reinforced_spruce_fence": {
    "criteria": {
      "has_stick": "2024-07-08 16:49:50 +0000"
    },
    "done": true
  },
  "betterendforge:recipes/betterendforge/iron_chandelier": {
    "criteria": {
      "has_iron_ingot": "2024-07-08 18:08:02 +0000"
    },
    "done": true
  },
  "cfm:recipes/cfm/acacia_desk_cabinet": {
    "criteria": {
      "has_log": "2024-07-08 16:46:47 +0000"
    },
    "done": true
  },
  "cfm:recipes/cfm/stripped_warped_mail_box": {
    "criteria": {
      "has_chest": "2024-07-08 18:43:02 +0000"
    },
    "done": true
  },
  "spartanweaponry:recipes/spartanweaponry.basic/longsword_stone": {
    "criteria": {
      "has_cobblestone": "2024-07-08 16:50:08 +0000"
    },
    "done": true
  },
  "iceandfire:iceandfire/bestiary": {
    "criteria": {
      "bestiary": "2024-07-08 17:53:37 +0000"
    },
    "done": true
  },
  "cfm:recipes/cfm/stone_desk_cabinet": {
    "criteria": {
      "has_planks": "2024-07-08 16:50:08 +0000"
    },
    "done": true
  },
  "spartanweaponry:recipes/spartanweaponry.basic/javelin_wood": {
    "criteria": {
      "has_wood": "2024-07-08 16:47:55 +0000"
    },
    "done": true
  },
  "minecraft:recipes/decorations/campfire": {
    "criteria": {
      "has_stick": "2024-07-08 16:49:50 +0000"
    },
    "done": true
  },
  "minecraft:recipes/food/bread": {
    "criteria": {
      "has_wheat": "2024-07-08 16:50:29 +0000"
    },
    "done": true
  },
  "packedup:recipes/packedup/basic_from_chest": {
    "criteria": {
      "recipe_condition": "2024-07-08 18:43:02 +0000"
    },
    "done": true
  },
  "minecraft:recipes/building_blocks/diorite_slab_from_diorite_stonecutting": {
    "criteria": {
      "has_diorite": "2024-07-08 18:18:33 +0000"
    },
    "done": true
  },
  "cfm:recipes/cfm/stone_coffee_table": {
    "criteria": {
      "has_planks": "2024-07-08 16:50:08 +0000"
    },
    "done": true
  },
  "minecraft:recipes/misc/iron_nugget": {
    "criteria": {
      "has_iron_ingot": "2024-07-08 18:08:02 +0000"
    },
    "done": true
  },
  "minecraft:recipes/decorations/black_bed_from_white_bed": {
    "criteria": {
      "has_bed": "2024-07-08 18:17:10 +0000"
    },
    "done": true
  },
  "paraglider:recipes/paraglider/cosmetic/paraglider": {
    "criteria": {
      "has_paragliders": "2024-07-08 18:11:12 +0000"
    },
    "done": true
  },
  "securitycraft:recipes/securitycraft/track_mine": {
    "criteria": {
      "has_iron": "2024-07-08 18:08:02 +0000"
    },
    "done": true
  },
  "silentgear:recipes/silentgear/stone_rod": {
    "criteria": {
      "has_item": "2024-07-08 16:50:08 +0000"
    },
    "done": true
  },
  "cfm:recipes/cfm/stripped_oak_chair": {
    "criteria": {
      "has_planks": "2024-07-08 16:47:05 +0000"
    },
    "done": true
  },
  "minecraft:recipes/building_blocks/cyan_wool": {
    "criteria": {
      "has_white_wool": "2024-07-08 18:09:54 +0000"
    },
    "done": true
  },
  "cfm:recipes/cfm/oak_crate": {
    "criteria": {
      "has_log": "2024-07-08 16:47:05 +0000"
    },
    "done": true
  },
  "cfm:recipes/cfm/trampoline": {
    "criteria": {
      "has_iron": "2024-07-08 18:08:02 +0000"
    },
    "done": true
  },
  "minecraft:recipes/decorations/red_carpet_from_white_carpet": {
    "criteria": {
      "has_red_dye": "2024-07-08 18:17:48 +0000"
    },
    "done": true
  },
  "minecraft:recipes/food/cooked_beef_from_grill_cooking": {
    "criteria": {
      "has_beef": "2024-07-08 17:59:39 +0000"
    },
    "done": true
  },
  "tombstone:adventure/cancel_ghostly_shape": {
    "criteria": {
      "coded_trigger": "2024-07-08 17:50:24 +0000"
    },
    "done": true
  },
  "securitycraft:recipes/securitycraft/reinforced_oak_fence": {
    "criteria": {
      "has_stick": "2024-07-08 16:49:50 +0000"
    },
    "done": true
  },
  "minecraft:recipes/transportation/spruce_boat": {
    "criteria": {
      "in_water": "2024-07-08 16:48:13 +0000"
    },
    "done": true
  },
  "cfm:recipes/cfm/stripped_oak_table": {
    "criteria": {
      "has_planks": "2024-07-08 16:47:05 +0000"
    },
    "done": true
  },
  "securitycraft:recipes/securitycraft/blacklist_module": {
    "criteria": {
      "has_iron": "2024-07-08 18:08:02 +0000"
    },
    "done": true
  },
  "securitycraft:recipes/securitycraft/speed_module": {
    "criteria": {
      "has_iron": "2024-07-08 18:08:02 +0000"
    },
    "done": true
  },
  "spartanweaponry:recipes/spartanweaponry.basic/saber_wood": {
    "criteria": {
      "has_wood": "2024-07-08 16:47:55 +0000"
    },
    "done": true
  },
  "spartanweaponry:recipes/spartanweaponry.basic/katana_stone": {
    "criteria": {
      "has_cobblestone": "2024-07-08 16:50:08 +0000"
    },
    "done": true
  },
  "cfm:recipes/cfm/green_cooler": {
    "criteria": {
      "has_chest": "2024-07-08 18:43:02 +0000"
    },
    "done": true
  },
  "spartanweaponry:recipes/spartanweaponry.basic/pole_from_leather": {
    "criteria": {
      "has_stick": "2024-07-08 16:49:50 +0000"
    },
    "done": true
  },
  "securitycraft:recipes/securitycraft/harming_module": {
    "criteria": {
      "has_iron": "2024-07-08 18:08:02 +0000"
    },
    "done": true
  },
  "tombstone:adventure/chain_death": {
    "criteria": {
      "coded_trigger": "2024-07-08 18:50:34 +0000"
    },
    "done": true
  },
  "minecraft:recipes/building_blocks/gray_wool": {
    "criteria": {
      "has_white_wool": "2024-07-08 18:09:54 +0000"
    },
    "done": true
  },
  "silentgear:recipes/silentgear/upgrade_base": {
    "criteria": {
      "has_item": "2024-07-08 16:47:55 +0000"
    },
    "done": true
  },
  "cfm:recipes/cfm/oak_kitchen_counter": {
    "criteria": {
      "has_log": "2024-07-08 16:47:05 +0000"
    },
    "done": true
  },
  "alexsmobs:alexsmobs/kangaroo": {
    "criteria": {
      "killed_by": "2024-07-08 18:54:15 +0000"
    },
    "done": true
  },
  "minecraft:recipes/misc/sugar_from_sugar_cane": {
    "criteria": {
      "has_reeds": "2024-07-08 16:48:12 +0000"
    },
    "done": true
  },
  "cfm:recipes/cfm/light_gray_kitchen_drawer": {
    "criteria": {
      "has_chest": "2024-07-08 18:43:02 +0000"
    },
    "done": true
  },
  "cfm:recipes/cfm/stripped_oak_kitchen_drawer": {
    "criteria": {
      "has_log": "2024-07-08 16:47:05 +0000"
    },
    "done": true
  },
  "spartanweaponry:recipes/spartanweaponry.basic/cestus": {
    "criteria": {
      "has_leather": "2024-07-08 18:00:00 +0000"
    },
    "done": true
  },
  "minecraft:husbandry/balanced_diet": {
    "criteria": {
      "cooked_porkchop": "2024-07-08 18:26:56 +0000",
      "cooked_mutton": "2024-07-08 18:08:38 +0000",
      "bread": "2024-07-08 18:01:26 +0000",
      "melon_slice": "2024-07-08 18:11:46 +0000"
    },
    "done": false
  },
  "cfm:recipes/cfm/stripped_spruce_mail_box": {
    "criteria": {
      "has_chest": "2024-07-08 18:43:02 +0000"
    },
    "done": true
  },
  "tombstone:recipes/from_grave_key": {
    "criteria": {
      "has_ingredient": "2024-07-08 17:49:20 +0000"
    },
    "done": true
  },
  "minecraft:recipes/tools/wooden_hoe": {
    "criteria": {
      "has_stick": "2024-07-08 16:49:50 +0000"
    },
    "done": true
  },
  "cfm:recipes/cfm/oak_blinds": {
    "criteria": {
      "has_log": "2024-07-08 16:47:05 +0000"
    },
    "done": true
  },
  "cfm:recipes/cfm/acacia_bedside_cabinet": {
    "criteria": {
      "has_log": "2024-07-08 16:46:47 +0000"
    },
    "done": true
  },
  "cfm:recipes/cfm/stone_desk": {
    "criteria": {
      "has_planks": "2024-07-08 16:50:08 +0000"
    },
    "done": true
  },
  "minecraft:recipes/misc/bucket": {
    "criteria": {
      "has_iron_ingot": "2024-07-08 18:08:02 +0000"
    },
    "done": true
  },
  "minecraft:recipes/building_blocks/cobblestone_stairs": {
    "criteria": {
      "has_cobblestone": "2024-07-08 16:50:08 +0000"
    },
    "done": true
  },
  "cfm:recipes/cfm/oak_kitchen_sink_dark": {
    "criteria": {
      "has_bottom": "2024-07-08 16:49:50 +0000"
    },
    "done": true
  },
  "minecraft:recipes/building_blocks/diorite_slab": {
    "criteria": {
      "has_diorite": "2024-07-08 18:18:33 +0000"
    },
    "done": true
  },
  "cfm:recipes/cfm/acacia_coffee_table": {
    "criteria": {
      "has_log": "2024-07-08 16:46:47 +0000"
    },
    "done": true
  },
  "securitycraft:recipes/securitycraft/reinforced_bookshelf": {
    "criteria": {
      "has_book": "2024-07-08 18:33:13 +0000"
    },
    "done": true
  },
  "minecraft:recipes/decorations/yellow_bed_from_white_bed": {
    "criteria": {
      "has_bed": "2024-07-08 18:17:10 +0000"
    },
    "done": true
  },
  "cfm:recipes/cfm/stripped_acacia_bedside_cabinet": {
    "criteria": {
      "has_planks": "2024-07-08 16:46:47 +0000"
    },
    "done": true
  },
  "securitycraft:recipes/securitycraft/redstone_module": {
    "criteria": {
      "has_iron": "2024-07-08 18:08:02 +0000"
    },
    "done": true
  },
  "tombstone:adventure/first_grave": {
    "criteria": {
      "coded_trigger": "2024-07-08 17:49:17 +0000"
    },
    "done": true
  },
  "minecraft:recipes/decorations/white_banner": {
    "criteria": {
      "has_white_wool": "2024-07-08 18:09:54 +0000"
    },
    "done": true
  },
  "spartanweaponry:recipes/spartanweaponry.basic/throwing_knife_iron": {
    "criteria": {
      "has_iron_ingot": "2024-07-08 18:08:02 +0000"
    },
    "done": true
  },
  "spartanweaponry:recipes/spartanweaponry.basic/flanged_mace_wood": {
    "criteria": {
      "has_wood": "2024-07-08 16:47:55 +0000"
    },
    "done": true
  },
  "cfm:recipes/cfm/gray_cooler": {
    "criteria": {
      "has_chest": "2024-07-08 18:43:02 +0000"
    },
    "done": true
  },
  "cfm:recipes/cfm/cyan_cooler": {
    "criteria": {
      "has_chest": "2024-07-08 18:43:02 +0000"
    },
    "done": true
  },
  "minecraft:recipes/building_blocks/hay_block": {
    "criteria": {
      "has_wheat": "2024-07-08 16:50:29 +0000"
    },
    "done": true
  },
  "minecraft:recipes/misc/leather_horse_armor": {
    "criteria": {
      "has_leather": "2024-07-08 18:00:00 +0000"
    },
    "done": true
  },
  "minecraft:recipes/combat/iron_helmet": {
    "criteria": {
      "has_iron_ingot": "2024-07-08 18:08:02 +0000"
    },
    "done": true
  },
  "cfm:recipes/cfm/yellow_grill": {
    "criteria": {
      "has_iron": "2024-07-08 18:08:02 +0000"
    },
    "done": true
  },
  "minecraft:recipes/misc/magenta_dye_from_blue_red_white_dye": {
    "criteria": {
      "has_rose_red": "2024-07-08 18:17:48 +0000"
    },
    "done": true
  },
  "minecraft:recipes/combat/bow": {
    "criteria": {
      "has_string": "2024-07-08 18:37:21 +0000"
    },
    "done": true
  },
  "minecraft:recipes/food/cooked_chicken_from_smoking": {
    "criteria": {
      "has_chicken": "2024-07-08 18:49:05 +0000"
    },
    "done": true
  },
  "minecraft:recipes/redstone/oak_fence_gate": {
    "criteria": {
      "has_planks": "2024-07-08 16:49:50 +0000"
    },
    "done": true
  },
  "minecraft:recipes/redstone/tnt": {
    "criteria": {
      "has_gunpowder": "2024-07-08 18:08:29 +0000"
    },
    "done": true
  },
  "cfm:recipes/cfm/white_sofa": {
    "criteria": {
      "has_wool": "2024-07-08 18:09:54 +0000"
    },
    "done": true
  },
  "minecraft:recipes/building_blocks/acacia_slab": {
    "criteria": {
      "has_planks": "2024-07-08 16:47:55 +0000"
    },
    "done": true
  },
  "spartanweaponry:recipes/spartanweaponry.basic/heavy_crossbow_leather": {
    "criteria": {
      "has_leather": "2024-07-08 18:00:00 +0000"
    },
    "done": true
  },
  "minecraft:recipes/decorations/diorite_wall_from_diorite_stonecutting": {
    "criteria": {
      "has_diorite": "2024-07-08 18:18:33 +0000"
    },
    "done": true
  },
  "minecraft:recipes/decorations/orange_bed_from_white_bed": {
    "criteria": {
      "has_bed": "2024-07-08 18:17:10 +0000"
    },
    "done": true
  },
  "cfm:recipes/cfm/dark_oak_mail_box": {
    "criteria": {
      "has_chest": "2024-07-08 18:43:02 +0000"
    },
    "done": true
  },
  "securitycraft:recipes/securitycraft/reinforced_birch_fence_gate": {
    "criteria": {
      "has_stick": "2024-07-08 16:49:50 +0000"
    },
    "done": true
  },
  "minecraft:story/mine_stone": {
    "criteria": {
      "get_stone": "2024-07-08 16:50:08 +0000"
    },
    "done": true
  },
  "minecraft:recipes/redstone/target": {
    "criteria": {
      "has_hay_block": "2024-07-08 17:50:25 +0000"
    },
    "done": true
  },
  "cfm:recipes/cfm/stripped_acacia_desk": {
    "criteria": {
      "has_planks": "2024-07-08 16:46:47 +0000"
    },
    "done": true
  },
  "minecraft:recipes/decorations/furnace": {
    "criteria": {
      "has_cobblestone": "2024-07-08 16:50:08 +0000"
    },
    "done": true
  },
  "minecraft:recipes/transportation/minecart": {
    "criteria": {
      "has_iron_ingot": "2024-07-08 18:08:02 +0000"
    },
    "done": true
  },
  "securitycraft:recipes/securitycraft/reinforced_acacia_fence_gate": {
    "criteria": {
      "has_stick": "2024-07-08 16:49:50 +0000"
    },
    "done": true
  },
  "spartanweaponry:recipes/spartanweaponry.basic/pike_stone": {
    "criteria": {
      "has_cobblestone": "2024-07-08 16:50:08 +0000"
    },
    "done": true
  },
  "tombstone:adventure/strong_or_careful": {
    "criteria": {
      "coded_trigger": "2024-07-08 17:49:17 +0000"
    },
    "done": true
  },
  "minecraft:recipes/misc/charcoal": {
    "criteria": {
      "has_log": "2024-07-08 16:46:47 +0000"
    },
    "done": true
  },
  "minecraft:recipes/building_blocks/orange_wool": {
    "criteria": {
      "has_white_wool": "2024-07-08 18:09:54 +0000"
    },
    "done": true
  },
  "minecraft:recipes/tools/iron_hoe": {
    "criteria": {
      "has_iron_ingot": "2024-07-08 18:08:02 +0000"
    },
    "done": true
  },
  "spartanweaponry:recipes/spartanweaponry.basic/parrying_dagger_iron": {
    "criteria": {
      "has_iron_ingot": "2024-07-08 18:08:02 +0000"
    },
    "done": true
  },
  "minecraft:recipes/tools/wooden_pickaxe": {
    "criteria": {
      "has_the_recipe": "2024-07-08 16:49:49 +0000"
    },
    "done": true
  },
  "minecraft:husbandry/root": {
    "criteria": {
      "consumed_item": "2024-07-08 17:52:27 +0000"
    },
    "done": true
  },
  "minecraft:recipes/transportation/birch_boat": {
    "criteria": {
      "in_water": "2024-07-08 16:48:13 +0000"
    },
    "done": true
  },
  "paraglider:paraglider": {
    "criteria": {
      "paraglider": "2024-07-08 18:11:12 +0000"
    },
    "done": true
  },
  "tombstone:adventure/eat_easter_egg_food": {
    "criteria": {
      "coded_trigger": "2024-07-08 17:52:27 +0000"
    },
    "done": true
  },
  "securitycraft:recipes/securitycraft/sonic_security_system": {
    "criteria": {
      "has_stick": "2024-07-08 16:49:50 +0000"
    },
    "done": true
  },
  "cfm:recipes/cfm/gray_sofa": {
    "criteria": {
      "has_wool": "2024-07-08 18:51:18 +0000"
    },
    "done": true
  },
  "minecraft:recipes/tools/iron_shovel": {
    "criteria": {
      "has_iron_ingot": "2024-07-08 18:08:02 +0000"
    },
    "done": true
  },
  "spartanweaponry:recipes/spartanweaponry.basic/dagger_iron": {
    "criteria": {
      "has_iron_ingot": "2024-07-08 18:08:02 +0000"
    },
    "done": true
  },
  "minecraft:recipes/redstone/acacia_door": {
    "criteria": {
      "has_planks": "2024-07-08 16:47:55 +0000"
    },
    "done": true
  },
  "minecraft:recipes/decorations/cyan_bed_from_white_bed": {
    "criteria": {
      "has_bed": "2024-07-08 18:17:10 +0000"
    },
    "done": true
  },
  "spartanweaponry:recipes/spartanweaponry.basic/spear_iron": {
    "criteria": {
      "has_iron_ingot": "2024-07-08 18:08:02 +0000"
    },
    "done": true
  },
  "cfm:recipes/cfm/black_kitchen_drawer": {
    "criteria": {
      "has_chest": "2024-07-08 18:43:02 +0000"
    },
    "done": true
  },
  "spartanweaponry:recipes/spartanweaponry.basic/boomerang_stone": {
    "criteria": {
      "has_cobblestone": "2024-07-08 16:50:08 +0000"
    },
    "done": true
  },
  "minecraft:recipes/decorations/item_frame": {
    "criteria": {
      "has_leather": "2024-07-08 18:00:00 +0000"
    },
    "done": true
  },
  "minecraft:recipes/decorations/lime_bed_from_white_bed": {
    "criteria": {
      "has_bed": "2024-07-08 18:17:10 +0000"
    },
    "done": true
  },
  "tombstone:adventure/enchant_grave_key": {
    "criteria": {
      "has_upgraded_grave_key": "2024-07-08 18:50:35 +0000"
    },
    "done": true
  },
  "minecraft:recipes/tools/stone_hoe": {
    "criteria": {
      "has_cobblestone": "2024-07-08 16:50:08 +0000"
    },
    "done": true
  },
  "greekfantasy:kill_shade": {
    "criteria": {
      "kill_shade": "2024-07-08 18:50:05 +0000"
    },
    "done": true
  },
  "spartanweaponry:recipes/spartanweaponry.basic/heavy_crossbow_iron": {
    "criteria": {
      "has_iron_ingot": "2024-07-08 18:08:02 +0000"
    },
    "done": true
  },
  "cfm:recipes/cfm/oak_upgraded_gate": {
    "criteria": {
      "has_log": "2024-07-08 16:47:05 +0000"
    },
    "done": true
  },
  "minecraft:recipes/decorations/green_bed_from_white_bed": {
    "criteria": {
      "has_bed": "2024-07-08 18:17:10 +0000"
    },
    "done": true
  },
  "silentgear:recipes/silentgear/stone_torch": {
    "criteria": {
      "has_item": "2024-07-08 16:50:57 +0000"
    },
    "done": true
  },
  "spartanweaponry:recipes/spartanweaponry.basic/pike_wood": {
    "criteria": {
      "has_wood": "2024-07-08 16:47:55 +0000"
    },
    "done": true
  },
  "cfm:recipes/cfm/crimson_mail_box": {
    "criteria": {
      "has_chest": "2024-07-08 18:43:02 +0000"
    },
    "done": true
  },
  "cfm:recipes/cfm/jungle_mail_box": {
    "criteria": {
      "has_chest": "2024-07-08 18:43:02 +0000"
    },
    "done": true
  },
  "spartanweaponry:recipes/spartanweaponry.basic/warhammer_iron": {
    "criteria": {
      "has_iron_ingot": "2024-07-08 18:08:02 +0000"
    },
    "done": true
  },
  "minecraft:recipes/decorations/white_carpet": {
    "criteria": {
      "has_white_wool": "2024-07-08 18:09:54 +0000"
    },
    "done": true
  },
  "cfm:recipes/cfm/stripped_acacia_cabinet": {
    "criteria": {
      "has_log": "2024-07-08 16:46:47 +0000"
    },
    "done": true
  },
  "cfm:recipes/cfm/dye_red_picket_gate": {
    "criteria": {
      "has_dye": "2024-07-08 18:17:48 +0000"
    },
    "done": true
  },
  "cfm:recipes/cfm/white_grill": {
    "criteria": {
      "has_iron": "2024-07-08 18:08:02 +0000"
    },
    "done": true
  },
  "cfm:recipes/cfm/warped_kitchen_drawer": {
    "criteria": {
      "has_chest": "2024-07-08 18:43:02 +0000"
    },
    "done": true
  },
  "forbidden_arcanus:recipes/forbidden_arcanus/iron_blacksmith_gavel": {
    "criteria": {
      "has_item": "2024-07-08 18:08:02 +0000"
    },
    "done": true
  },
  "tombstone:adventure/first_knowledge": {
    "criteria": {
      "coded_trigger": "2024-07-08 17:49:17 +0000"
    },
    "done": true
  },
  "minecraft:story/upgrade_tools": {
    "criteria": {
      "stone_pickaxe": "2024-07-08 18:04:35 +0000"
    },
    "done": true
  },
  "alexsmobs:alexsmobs/root": {
    "criteria": {
      "useitem": "2024-07-08 17:52:27 +0000"
    },
    "done": true
  },
  "silentgear:recipes/silentgear/rough_rod": {
    "criteria": {
      "has_item": "2024-07-08 16:49:50 +0000"
    },
    "done": true
  },
  "minecraft:recipes/transportation/oak_boat": {
    "criteria": {
      "in_water": "2024-07-08 16:48:13 +0000"
    },
    "done": true
  },
  "spartanweaponry:recipes/spartanweaponry.basic/lance_wood": {
    "criteria": {
      "has_wood": "2024-07-08 16:47:55 +0000"
    },
    "done": true
  },
  "spartanweaponry:recipes/spartanweaponry.basic/handle_from_string": {
    "criteria": {
      "has_stick": "2024-07-08 16:49:50 +0000"
    },
    "done": true
  },
  "cfm:recipes/cfm/stripped_warped_kitchen_drawer": {
    "criteria": {
      "has_chest": "2024-07-08 18:43:02 +0000"
    },
    "done": true
  },
  "minecraft:recipes/decorations/blue_bed_from_white_bed": {
    "criteria": {
      "has_bed": "2024-07-08 18:17:10 +0000"
    },
    "done": true
  },
  "cfm:recipes/cfm/oak_park_bench": {
    "criteria": {
      "has_log": "2024-07-08 16:47:05 +0000"
    },
    "done": true
  },
  "forbidden_arcanus:recipes/forbidden_arcanus/wooden_blacksmith_gavel": {
    "criteria": {
      "has_item": "2024-07-08 16:47:55 +0000"
    },
    "done": true
  },
  "cfm:recipes/cfm/lime_cooler": {
    "criteria": {
      "has_chest": "2024-07-08 18:43:02 +0000"
    },
    "done": true
  },
  "minecraft:recipes/tools/wooden_axe": {
    "criteria": {
      "has_stick": "2024-07-08 16:49:50 +0000"
    },
    "done": true
  },
  "minecraft:recipes/building_blocks/lime_wool": {
    "criteria": {
      "has_white_wool": "2024-07-08 18:09:54 +0000"
    },
    "done": true
  },
  "spartanweaponry:recipes/spartanweaponry.arrows_bolts/arrow_iron": {
    "criteria": {
      "has_feather": "2024-07-08 17:49:08 +0000"
    },
    "done": true
  },
  "securitycraft:recipes/securitycraft/keycard_lv2": {
    "criteria": {
      "has_iron": "2024-07-08 18:08:02 +0000"
    },
    "done": true
  },
  "cfm:recipes/cfm/acacia_mail_box": {
    "criteria": {
      "has_chest": "2024-07-08 18:43:02 +0000"
    },
    "done": true
  },
  "cfm:recipes/cfm/stripped_acacia_park_bench": {
    "criteria": {
      "has_log": "2024-07-08 16:46:47 +0000"
    },
    "done": true
  },
  "securitycraft:recipes/securitycraft/keycard_lv1": {
    "criteria": {
      "has_iron": "2024-07-08 18:08:02 +0000"
    },
    "done": true
  },
  "cfm:recipes/cfm/warped_mail_box": {
    "criteria": {
      "has_chest": "2024-07-08 18:43:02 +0000"
    },
    "done": true
  },
  "minecraft:recipes/misc/paper": {
    "criteria": {
      "has_reeds": "2024-07-08 16:48:12 +0000"
    },
    "done": true
  },
  "cfm:recipes/cfm/stripped_crimson_mail_box": {
    "criteria": {
      "has_chest": "2024-07-08 18:43:02 +0000"
    },
    "done": true
  },
  "tombstone:adventure/ashes_and_bones": {
    "criteria": {
      "coded_trigger": "2024-07-08 19:02:41 +0000"
    },
    "done": true
  },
  "minecraft:recipes/decorations/loom": {
    "criteria": {
      "has_string": "2024-07-08 18:37:21 +0000"
    },
    "done": true
  },
  "minecraft:recipes/building_blocks/green_wool": {
    "criteria": {
      "has_white_wool": "2024-07-08 18:09:54 +0000"
    },
    "done": true
  },
  "securitycraft:recipes/securitycraft/bouncing_betty": {
    "criteria": {
      "has_iron": "2024-07-08 18:08:02 +0000"
    },
    "done": true
  },
  "cfm:recipes/cfm/light_gray_grill": {
    "criteria": {
      "has_iron": "2024-07-08 18:08:02 +0000"
    },
    "done": true
  },
  "atum:core/agriculture": {
    "criteria": {
      "melon_stem": "2024-07-08 17:58:01 +0000"
    },
    "done": false
  },
  "minecraft:recipes/building_blocks/brown_wool": {
    "criteria": {
      "has_white_wool": "2024-07-08 18:09:54 +0000"
    },
    "done": true
  },
  "packedup:recipes/packedup/copper_from_basic": {
    "criteria": {
      "recipe_condition": "2024-07-08 19:08:30 +0000"
    },
    "done": true
  },
  "spartanweaponry:recipes/spartanweaponry.basic/glaive_wood": {
    "criteria": {
      "has_wood": "2024-07-08 16:47:55 +0000"
    },
    "done": true
  },
  "aquamirae:adventure/root": {
    "criteria": {
      "crafting_table": "2024-07-08 16:47:57 +0000"
    },
    "done": true
  },
  "cfm:recipes/cfm/stripped_birch_kitchen_drawer": {
    "criteria": {
      "has_chest": "2024-07-08 18:43:02 +0000"
    },
    "done": true
  },
  "minecraft:recipes/decorations/painting": {
    "criteria": {
      "has_wool": "2024-07-08 18:09:54 +0000"
    },
    "done": true
  },
  "cfm:recipes/cfm/stripped_jungle_mail_box": {
    "criteria": {
      "has_chest": "2024-07-08 18:43:02 +0000"
    },
    "done": true
  },
  "spartanweaponry:recipes/spartanweaponry.basic/halberd_wood": {
    "criteria": {
      "has_wood": "2024-07-08 16:47:55 +0000"
    },
    "done": true
  },
  "cfm:recipes/cfm/dye_red_picket_fence": {
    "criteria": {
      "has_dye": "2024-07-08 18:17:48 +0000"
    },
    "done": true
  },
  "cfm:recipes/cfm/acacia_upgraded_fence": {
    "criteria": {
      "has_log": "2024-07-08 16:46:47 +0000"
    },
    "done": true
  },
  "securitycraft:recipes/securitycraft/keycard_lv4": {
    "criteria": {
      "has_iron": "2024-07-08 18:08:02 +0000"
    },
    "done": true
  },
  "securitycraft:recipes/securitycraft/sc_manual": {
    "criteria": {
      "has_wood": "2024-07-08 16:46:47 +0000"
    },
    "done": true
  },
  "securitycraft:recipes/securitycraft/keycard_lv3": {
    "criteria": {
      "has_iron": "2024-07-08 18:08:02 +0000"
    },
    "done": true
  },
  "securitycraft:recipes/securitycraft/keycard_lv5": {
    "criteria": {
      "has_iron": "2024-07-08 18:08:02 +0000"
    },
    "done": true
  },
  "minecraft:recipes/combat/arrow": {
    "criteria": {
      "has_feather": "2024-07-08 17:49:08 +0000"
    },
    "done": true
  },
  "minecraft:recipes/redstone/acacia_fence_gate": {
    "criteria": {
      "has_planks": "2024-07-08 16:47:55 +0000"
    },
    "done": true
  },
  "spartanweaponry:recipes/spartanweaponry.basic/rapier_iron": {
    "criteria": {
      "has_iron_ingot": "2024-07-08 18:08:02 +0000"
    },
    "done": true
  },
  "minecraft:recipes/building_blocks/coal_block": {
    "criteria": {
      "has_coal": "2024-07-08 16:50:57 +0000"
    },
    "done": true
  },
  "silentgear:recipes/silentgear/iron_rod": {
    "criteria": {
      "has_item": "2024-07-08 18:08:02 +0000"
    },
    "done": true
  },
  "cfm:recipes/cfm/stripped_oak_bedside_cabinet": {
    "criteria": {
      "has_planks": "2024-07-08 16:47:05 +0000"
    },
    "done": true
  },
  "cfm:recipes/cfm/spatula": {
    "criteria": {
      "has_iron": "2024-07-08 18:08:02 +0000"
    },
    "done": true
  },
  "minecraft:recipes/tools/stone_shovel": {
    "criteria": {
      "has_cobblestone": "2024-07-08 16:50:08 +0000"
    },
    "done": true
  },
  "securitycraft:recipes/securitycraft/reinforced_jungle_fence_gate": {
    "criteria": {
      "has_stick": "2024-07-08 16:49:50 +0000"
    },
    "done": true
  },
  "spartanweaponry:recipes/spartanweaponry.arrows_bolts/bolt": {
    "criteria": {
      "has_feather": "2024-07-08 17:49:08 +0000"
    },
    "done": true
  },
  "spartanweaponry:recipes/spartanweaponry.basic/quiver_arrow_small": {
    "criteria": {
      "has_arrow": "2024-07-08 18:31:32 +0000"
    },
    "done": true
  },
  "minecraft:recipes/building_blocks/diorite_stairs": {
    "criteria": {
      "has_diorite": "2024-07-08 18:18:33 +0000"
    },
    "done": true
  },
  "tombstone:adventure/root": {
    "criteria": {
      "auto": "2024-07-08 16:44:23 +0000"
    },
    "done": true
  },
  "cfm:recipes/cfm/oak_mail_box": {
    "criteria": {
      "has_chest": "2024-07-08 18:43:02 +0000"
    },
    "done": true
  },
  "securitycraft:recipes/securitycraft/reinforced_andesite": {
    "criteria": {
      "has_cobblestone": "2024-07-08 16:50:08 +0000"
    },
    "done": true
  },
  "cfm:recipes/cfm/diorite_desk_cabinet": {
    "criteria": {
      "has_planks": "2024-07-08 18:18:33 +0000"
    },
    "done": true
  },
  "spartanweaponry:recipes/spartanweaponry.basic/flanged_mace_stone": {
    "criteria": {
      "has_cobblestone": "2024-07-08 16:50:08 +0000"
    },
    "done": true
  },
  "cfm:recipes/cfm/white_kitchen_drawer": {
    "criteria": {
      "has_chest": "2024-07-08 18:43:02 +0000"
    },
    "done": true
  },
  "spartanweaponry:recipes/spartanweaponry.basic/hammer_stone": {
    "criteria": {
      "has_cobblestone": "2024-07-08 16:50:08 +0000"
    },
    "done": true
  },
  "spartanweaponry:recipes/spartanweaponry.basic/explosive_charge": {
    "criteria": {
      "has_gunpowder": "2024-07-08 18:08:29 +0000"
    },
    "done": true
  },
  "betterendforge:recipes/betterendforge/terminite_shovel_smithing": {
    "criteria": {
      "has_stick": "2024-07-08 16:49:50 +0000"
    },
    "done": true
  },
  "minecraft:recipes/building_blocks/andesite": {
    "criteria": {
      "has_stone": "2024-07-08 18:18:33 +0000"
    },
    "done": true
  },
  "cfm:recipes/cfm/oak_table": {
    "criteria": {
      "has_log": "2024-07-08 16:47:05 +0000"
    },
    "done": true
  },
  "spartanweaponry:recipes/spartanweaponry.basic/tomahawk_stone": {
    "criteria": {
      "has_cobblestone": "2024-07-08 16:50:08 +0000"
    },
    "done": true
  },
  "securitycraft:recipes/securitycraft/floor_trap": {
    "criteria": {
      "has_iron": "2024-07-08 18:08:02 +0000"
    },
    "done": true
  },
  "minecraft:recipes/redstone/acacia_trapdoor": {
    "criteria": {
      "has_planks": "2024-07-08 16:47:55 +0000"
    },
    "done": true
  },
  "minecraft:recipes/redstone/oak_pressure_plate": {
    "criteria": {
      "has_planks": "2024-07-08 16:49:50 +0000"
    },
    "done": true
  },
  "spartanweaponry:recipes/spartanweaponry.basic/battleaxe_wood": {
    "criteria": {
      "has_wood": "2024-07-08 16:47:55 +0000"
    },
    "done": true
  },
  "majruszs_difficulty:progressive_difficulty/kill_a_creeperling": {
    "criteria": {
      "killed_creeperling": "2024-07-08 18:08:25 +0000"
    },
    "done": true
  },
  "cfm:recipes/cfm/oak_desk": {
    "criteria": {
      "has_log": "2024-07-08 16:47:05 +0000"
    },
    "done": true
  },
  "securitycraft:recipes/securitycraft/laser_block": {
    "criteria": {
      "has_stone": "2024-07-08 16:50:08 +0000"
    },
    "done": true
  },
  "betterendforge:recipes/betterendforge/terminite_axe_smithing": {
    "criteria": {
      "has_stick": "2024-07-08 16:49:50 +0000"
    },
    "done": true
  },
  "minecraft:recipes/building_blocks/oak_wood": {
    "criteria": {
      "has_log": "2024-07-08 16:47:05 +0000"
    },
    "done": true
  },
  "minecraft:story/root": {
    "criteria": {
      "crafting_table": "2024-07-08 16:47:57 +0000"
    },
    "done": true
  },
  "spartanweaponry:recipes/spartanweaponry.basic/pole_from_wool": {
    "criteria": {
      "has_stick": "2024-07-08 16:49:50 +0000"
    },
    "done": true
  },
  "spartanweaponry:recipes/spartanweaponry.basic/throwing_knife_wood": {
    "criteria": {
      "has_wood": "2024-07-08 16:47:55 +0000"
    },
    "done": true
  },
  "cfm:recipes/cfm/magenta_cooler": {
    "criteria": {
      "has_chest": "2024-07-08 18:43:02 +0000"
    },
    "done": true
  },
  "spartanweaponry:recipes/spartanweaponry.basic/katana_wood": {
    "criteria": {
      "has_wood": "2024-07-08 16:47:55 +0000"
    },
    "done": true
  },
  "cfm:recipes/cfm/orange_cooler": {
    "criteria": {
      "has_chest": "2024-07-08 18:43:02 +0000"
    },
    "done": true
  },
  "spartanweaponry:recipes/spartanweaponry.basic/scythe_wood": {
    "criteria": {
      "has_wood": "2024-07-08 16:47:55 +0000"
    },
    "done": true
  },
  "cfm:recipes/cfm/acacia_chair": {
    "criteria": {
      "has_log": "2024-07-08 16:46:47 +0000"
    },
    "done": true
  },
  "spartanweaponry:recipes/spartanweaponry.basic/greatsword_stone": {
    "criteria": {
      "has_cobblestone": "2024-07-08 16:50:08 +0000"
    },
    "done": true
  },
  "minecraft:recipes/combat/leather_chestplate": {
    "criteria": {
      "has_leather": "2024-07-08 18:00:00 +0000"
    },
    "done": true
  },
  "minecraft:recipes/building_blocks/acacia_planks": {
    "criteria": {
      "has_log": "2024-07-08 16:46:47 +0000"
    },
    "done": true
  },
  "spartanweaponry:recipes/spartanweaponry.basic/quarterstaff_iron": {
    "criteria": {
      "has_iron_ingot": "2024-07-08 18:08:02 +0000"
    },
    "done": true
  },
  "minecraft:recipes/redstone/oak_button": {
    "criteria": {
      "has_planks": "2024-07-08 16:49:50 +0000"
    },
    "done": true
  },
  "spartanweaponry:recipes/spartanweaponry.basic/greatsword_wood": {
    "criteria": {
      "has_wood": "2024-07-08 16:47:55 +0000"
    },
    "done": true
  },
  "cfm:recipes/cfm/diorite_bedside_cabinet": {
    "criteria": {
      "has_planks": "2024-07-08 18:18:33 +0000"
    },
    "done": true
  },
  "betterendforge:recipes/betterendforge/thallasium_axe_smithing": {
    "criteria": {
      "has_stick": "2024-07-08 16:49:50 +0000"
    },
    "done": true
  },
  "minecraft:recipes/misc/iron_ingot": {
    "criteria": {
      "has_iron_ore": "2024-07-08 18:06:16 +0000"
    },
    "done": true
  },
  "minecraft:recipes/misc/magenta_dye_from_blue_red_pink": {
    "criteria": {
      "has_red_dye": "2024-07-08 18:17:48 +0000"
    },
    "done": true
  },
  "cfm:recipes/cfm/acacia_kitchen_drawer": {
    "criteria": {
      "has_log": "2024-07-08 16:46:47 +0000"
    },
    "done": true
  },
  "silentgear:recipes/silentgear/rough_rod2": {
    "criteria": {
      "has_item": "2024-07-08 17:51:42 +0000"
    },
    "done": true
  },
  "cfm:recipes/cfm/oak_cabinet": {
    "criteria": {
      "has_log": "2024-07-08 16:47:05 +0000"
    },
    "done": true
  },
  "spartanweaponry:recipes/spartanweaponry.basic/spear_stone": {
    "criteria": {
      "has_cobblestone": "2024-07-08 16:50:08 +0000"
    },
    "done": true
  },
  "cfm:recipes/cfm/jungle_kitchen_drawer": {
    "criteria": {
      "has_chest": "2024-07-08 18:43:02 +0000"
    },
    "done": true
  },
  "minecraft:recipes/food/cooked_beef": {
    "criteria": {
      "has_beef": "2024-07-08 17:59:39 +0000"
    },
    "done": true
  },
  "minecraft:recipes/redstone/iron_door": {
    "criteria": {
      "has_iron_ingot": "2024-07-08 18:08:02 +0000"
    },
    "done": true
  },
  "spartanweaponry:recipes/spartanweaponry.basic/boomerang_wood": {
    "criteria": {
      "has_wood": "2024-07-08 16:47:55 +0000"
    },
    "done": true
  },
  "cfm:recipes/cfm/stripped_acacia_desk_cabinet": {
    "criteria": {
      "has_planks": "2024-07-08 16:46:47 +0000"
    },
    "done": true
  },
  "tombstone:adventure/find_easter_egg": {
    "criteria": {
      "coded_trigger": "2024-07-08 16:44:23 +0000"
    },
    "done": true
  },
  "spartanweaponry:recipes/spartanweaponry.basic/saber_stone": {
    "criteria": {
      "has_cobblestone": "2024-07-08 16:50:08 +0000"
    },
    "done": true
  },
  "cfm:recipes/cfm/birch_mail_box": {
    "criteria": {
      "has_chest": "2024-07-08 18:43:02 +0000"
    },
    "done": true
  },
  "spartanweaponry:recipes/spartanweaponry.basic/longbow_wood": {
    "criteria": {
      "has_wood": "2024-07-08 16:47:55 +0000"
    },
    "done": true
  },
  "cfm:recipes/cfm/stripped_crimson_kitchen_drawer": {
    "criteria": {
      "has_chest": "2024-07-08 18:43:02 +0000"
    },
    "done": true
  },
  "cfm:recipes/cfm/gray_grill": {
    "criteria": {
      "has_iron": "2024-07-08 18:08:02 +0000"
    },
    "done": true
  },
  "minecraft:recipes/redstone/oak_door": {
    "criteria": {
      "has_planks": "2024-07-08 16:49:50 +0000"
    },
    "done": true
  },
  "cfm:recipes/cfm/lime_grill": {
    "criteria": {
      "has_iron": "2024-07-08 18:08:02 +0000"
    },
    "done": true
  },
  "securitycraft:recipes/securitycraft/motion_activated_light": {
    "criteria": {
      "has_stick": "2024-07-08 16:49:50 +0000"
    },
    "done": true
  },
  "cfm:recipes/cfm/door_mat": {
    "criteria": {
      "has_wheat": "2024-07-08 16:50:29 +0000"
    },
    "done": true
  },
  "minecraft:recipes/transportation/jungle_boat": {
    "criteria": {
      "in_water": "2024-07-08 16:48:13 +0000"
    },
    "done": true
  },
  "minecraft:adventure/shoot_arrow": {
    "criteria": {
      "shot_arrow": "2024-07-08 19:06:19 +0000"
    },
    "done": true
  },
  "securitycraft:recipes/securitycraft/mine": {
    "criteria": {
      "has_iron": "2024-07-08 18:08:02 +0000"
    },
    "done": true
  },
  "spartanweaponry:recipes/spartanweaponry.basic/halberd_stone": {
    "criteria": {
      "has_cobblestone": "2024-07-08 16:50:08 +0000"
    },
    "done": true
  },
  "spartanweaponry:recipes/spartanweaponry.arrows_bolts/bolt_diamond": {
    "criteria": {
      "has_feather": "2024-07-08 17:49:08 +0000"
    },
    "done": true
  },
  "majruszs_difficulty:progressive_difficulty/bleeding": {
    "criteria": {
      "bleeding_applied": "2024-07-08 17:49:11 +0000"
    },
    "done": true
  },
  "tconstruct:recipes/tconstruct/general/tables/pattern": {
    "criteria": {
      "has_item": "2024-07-08 16:49:50 +0000"
    },
    "done": true
  },
  "minecraft:recipes/redstone/heavy_weighted_pressure_plate": {
    "criteria": {
      "has_iron_ingot": "2024-07-08 18:08:02 +0000"
    },
    "done": true
  },
  "minecraft:recipes/transportation/dark_oak_boat": {
    "criteria": {
      "in_water": "2024-07-08 16:48:13 +0000"
    },
    "done": true
  },
  "minecraft:recipes/building_blocks/pink_wool": {
    "criteria": {
      "has_white_wool": "2024-07-08 18:09:54 +0000"
    },
    "done": true
  },
  "spartanweaponry:recipes/spartanweaponry.basic/longsword_wood": {
    "criteria": {
      "has_wood": "2024-07-08 16:47:55 +0000"
    },
    "done": true
  },
  "spartanweaponry:recipes/spartanweaponry.basic/parrying_dagger_stone": {
    "criteria": {
      "has_cobblestone": "2024-07-08 16:50:08 +0000"
    },
    "done": true
  },
  "minecraft:recipes/decorations/brown_bed_from_white_bed": {
    "criteria": {
      "has_bed": "2024-07-08 18:17:10 +0000"
    },
    "done": true
  },
  "cfm:recipes/cfm/cyan_grill": {
    "criteria": {
      "has_iron": "2024-07-08 18:08:02 +0000"
    },
    "done": true
  },
  "tombstone:adventure/choose_knowledge": {
    "criteria": {
      "coded_trigger": "2024-07-08 17:55:09 +0000"
    },
    "done": true
  },
  "cfm:recipes/cfm/yellow_kitchen_drawer": {
    "criteria": {
      "has_chest": "2024-07-08 18:43:02 +0000"
    },
    "done": true
  },
  "securitycraft:recipes/securitycraft/briefcase": {
    "criteria": {
      "has_iron": "2024-07-08 18:08:02 +0000"
    },
    "done": true
  },
  "cfm:recipes/cfm/stone_chair": {
    "criteria": {
      "has_planks": "2024-07-08 16:50:08 +0000"
    },
    "done": true
  },
  "cfm:recipes/cfm/stone_bedside_cabinet": {
    "criteria": {
      "has_planks": "2024-07-08 16:50:08 +0000"
    },
    "done": true
  },
  "cfm:recipes/cfm/oak_upgraded_fence": {
    "criteria": {
      "has_log": "2024-07-08 16:47:05 +0000"
    },
    "done": true
  },
  "spartanweaponry:recipes/spartanweaponry.basic/pole_from_string": {
    "criteria": {
      "has_stick": "2024-07-08 16:49:50 +0000"
    },
    "done": true
  },
  "spartanweaponry:recipes/spartanweaponry.basic/hammer_iron": {
    "criteria": {
      "has_iron_ingot": "2024-07-08 18:08:02 +0000"
    },
    "done": true
  },
  "minecraft:recipes/food/cooked_beef_from_campfire_cooking": {
    "criteria": {
      "has_beef": "2024-07-08 17:59:39 +0000"
    },
    "done": true
  },
  "cfm:recipes/cfm/diorite_cabinet": {
    "criteria": {
      "has_planks": "2024-07-08 18:18:33 +0000"
    },
    "done": true
  },
  "minecraft:recipes/food/cooked_porkchop_from_grill_cooking": {
    "criteria": {
      "has_porkchop": "2024-07-08 18:09:32 +0000"
    },
    "done": true
  },
  "securitycraft:recipes/securitycraft/reinforced_fence_gate": {
    "criteria": {
      "has_iron": "2024-07-08 18:08:02 +0000"
    },
    "done": true
  },
  "minecraft:recipes/decorations/soul_campfire": {
    "criteria": {
      "has_stick": "2024-07-08 16:49:50 +0000"
    },
    "done": true
  },
  "minecraft:story/smelt_iron": {
    "criteria": {
      "iron": "2024-07-08 18:08:02 +0000"
    },
    "done": true
  },
  "silentgear:recipes/silentgear/sturdy_repair_kit": {
    "criteria": {
      "has_item": "2024-07-08 18:08:02 +0000"
    },
    "done": true
  },
  "minecraft:recipes/building_blocks/melon": {
    "criteria": {
      "has_melon": "2024-07-08 17:50:35 +0000"
    },
    "done": true
  },
  "minecraft:recipes/decorations/light_gray_bed_from_white_bed": {
    "criteria": {
      "has_bed": "2024-07-08 18:17:10 +0000"
    },
    "done": true
  },
  "cfm:recipes/cfm/oak_kitchen_sink_light": {
    "criteria": {
      "has_bottom": "2024-07-08 16:49:50 +0000"
    },
    "done": true
  },
  "cfm:recipes/cfm/oak_coffee_table": {
    "criteria": {
      "has_log": "2024-07-08 16:47:05 +0000"
    },
    "done": true
  },
  "cfm:recipes/cfm/fridge_light": {
    "criteria": {
      "has_iron": "2024-07-08 18:08:02 +0000"
    },
    "done": true
  },
  "DataVersion": 2586
}